date,state_id,temp_max_C,temp_min_C,precipitation_mm,snowfall_cm,snow_depth_cm,rolling_mean_temp_30d,temp_diff_7d
2011-01-29,TX,22.6,6.8,0.0,0.0,0.0,14.7,0.0
2011-01-30,TX,21.0,9.1,0.1,0.0,0.0,14.88,0.0
2011-01-31,TX,14.3,7.5,1.3,0.0,0.0,13.55,0.0
2011-02-01,TX,10.5,-8.5,18.3,1.68,2.0,10.41,0.0
2011-02-02,TX,-4.3,-9.5,0.0,0.0,2.0,6.95,0.0
2011-02-03,TX,-2.0,-8.5,0.0,0.0,1.0,4.92,0.0
2011-02-04,TX,-2.5,-7.9,5.0,3.64,5.0,3.47,0.0
2011-02-05,TX,12.4,-9.2,0.0,0.0,5.0,3.24,-13.1
2011-02-06,TX,12.0,1.6,0.0,0.0,4.0,3.63,-8.25
2011-02-07,TX,9.2,1.0,0.1,0.0,2.0,3.78,-5.8
2011-02-08,TX,11.8,-0.0,0.0,0.0,1.0,3.97,4.9
2011-02-09,TX,7.4,-6.2,9.5,3.43,3.0,3.69,7.5
2011-02-10,TX,1.1,-7.8,0.0,0.0,3.0,3.15,1.9
2011-02-11,TX,10.8,-5.1,0.0,0.0,3.0,3.13,8.05
2011-02-12,TX,17.0,-2.4,0.0,0.0,2.0,3.41,5.7
2011-02-13,TX,20.1,4.2,0.0,0.0,1.0,3.95,5.35
2011-02-14,TX,20.4,7.3,0.0,0.0,0.0,4.54,8.75
2011-02-15,TX,23.3,12.7,0.0,0.0,0.0,5.28,12.1
2011-02-16,TX,22.2,14.7,0.1,0.0,0.0,5.98,17.85
2011-02-17,TX,22.9,16.2,0.1,0.0,0.0,6.65,22.9
2011-02-18,TX,26.2,16.3,0.0,0.0,0.0,7.35,18.4
2011-02-19,TX,23.2,14.0,0.0,0.0,0.0,7.86,11.3
2011-02-20,TX,23.0,15.4,0.1,0.0,0.0,8.35,7.05
2011-02-21,TX,24.8,10.7,0.0,0.0,0.0,8.75,3.9
2011-02-22,TX,18.2,5.3,0.8,0.0,0.0,8.87,-6.25
2011-02-23,TX,19.9,14.2,2.1,0.0,0.0,9.18,-1.4
2011-02-24,TX,25.8,14.2,7.6,0.0,0.0,9.58,0.45
2011-02-25,TX,13.1,3.4,0.0,0.0,0.0,9.53,-13.0
2011-02-26,TX,22.6,6.7,0.0,0.0,0.0,9.71,-3.95
2011-02-27,TX,24.9,17.1,0.5,0.0,0.0,10.09,1.8
2011-02-28,TX,20.9,10.3,1.2,0.0,0.0,10.12,-2.15
2011-03-01,TX,19.1,4.3,0.0,0.0,0.0,10.0,-0.05
2011-03-02,TX,21.6,7.4,0.0,0.0,0.0,10.12,-2.55
2011-03-03,TX,23.2,9.7,0.0,0.0,0.0,10.64,-3.55
2011-03-04,TX,22.8,14.8,0.0,0.0,0.0,11.5,10.55
2011-03-05,TX,16.4,7.7,6.1,0.0,0.0,12.07,-2.6
2011-03-06,TX,15.6,1.5,0.0,0.0,0.0,12.53,-12.45
2011-03-07,TX,17.2,8.0,0.0,0.0,0.0,12.9,-3.0
2011-03-08,TX,26.8,14.3,1.5,0.0,0.0,13.36,8.85
2011-03-09,TX,17.2,9.6,0.0,0.0,0.0,13.63,-1.1
2011-03-10,TX,17.8,5.8,0.0,0.0,0.0,13.83,-4.65
2011-03-11,TX,23.7,7.9,0.0,0.0,0.0,14.34,-3.0
2011-03-12,TX,25.7,11.6,0.0,0.0,0.0,15.07,6.6
2011-03-13,TX,23.2,14.9,0.0,0.0,0.0,15.61,10.5
2011-03-14,TX,20.0,8.6,4.2,0.0,0.0,15.84,1.7
2011-03-15,TX,17.3,4.7,0.0,0.0,0.0,15.8,-9.55
2011-03-16,TX,22.0,11.7,0.1,0.0,0.0,15.9,3.45
2011-03-17,TX,27.6,16.8,0.0,0.0,0.0,16.04,10.4
2011-03-18,TX,28.9,17.0,0.0,0.0,0.0,16.2,7.15
2011-03-19,TX,28.0,17.5,0.0,0.0,0.0,16.3,4.1
2011-03-20,TX,26.5,16.7,0.0,0.0,0.0,16.31,2.55
2011-03-21,TX,27.9,16.7,0.0,0.0,0.0,16.44,8.0
2011-03-22,TX,27.5,17.5,0.0,0.0,0.0,16.55,11.5
2011-03-23,TX,26.9,17.9,0.0,0.0,0.0,16.7,5.55
2011-03-24,TX,26.1,12.6,0.0,0.0,0.0,16.96,-2.85
2011-03-25,TX,28.3,17.3,0.1,0.0,0.0,17.15,-0.15
2011-03-26,TX,30.4,15.4,0.0,0.0,0.0,17.24,0.15
2011-03-27,TX,14.5,9.9,7.7,0.0,0.0,17.38,-9.4
2011-03-28,TX,17.1,8.8,0.0,0.0,0.0,17.32,-9.35
2011-03-29,TX,16.9,10.5,1.3,0.0,0.0,17.08,-8.8
2011-03-30,TX,14.8,7.8,0.0,0.0,0.0,16.93,-11.1
2011-03-31,TX,24.3,6.8,0.0,0.0,0.0,17.06,-3.8
2011-04-01,TX,30.7,11.2,1.1,0.0,0.0,17.27,-1.85
2011-04-02,TX,29.9,16.1,0.0,0.0,0.0,17.49,0.1
2011-04-03,TX,30.5,18.4,0.0,0.0,0.0,17.68,12.25
2011-04-04,TX,23.8,13.7,0.0,0.0,0.0,17.9,5.8
2011-04-05,TX,22.6,7.0,0.0,0.0,0.0,18.11,1.1
2011-04-06,TX,28.9,12.9,0.0,0.0,0.0,18.39,9.6
2011-04-07,TX,26.5,17.3,0.0,0.0,0.0,18.44,6.35
2011-04-08,TX,32.8,20.2,0.1,0.0,0.0,18.87,5.55
2011-04-09,TX,32.6,21.2,0.0,0.0,0.0,19.38,3.9
2011-04-10,TX,32.3,21.8,0.0,0.0,0.0,19.75,2.6
2011-04-11,TX,23.9,16.0,33.7,0.0,0.0,19.79,1.2
2011-04-12,TX,24.7,13.3,0.0,0.0,0.0,19.79,4.2
2011-04-13,TX,26.5,13.9,0.0,0.0,0.0,19.99,-0.7
2011-04-14,TX,29.1,18.2,0.0,0.0,0.0,20.41,1.75
2011-04-15,TX,22.6,14.3,1.1,0.0,0.0,20.46,-8.05
2011-04-16,TX,22.8,11.3,0.0,0.0,0.0,20.29,-9.85
2011-04-17,TX,28.4,12.8,0.0,0.0,0.0,20.21,-6.45
2011-04-18,TX,33.0,19.0,0.0,0.0,0.0,20.32,6.05
2011-04-19,TX,32.4,22.0,0.0,0.0,0.0,20.51,8.2
2011-04-20,TX,27.8,17.0,3.2,0.0,0.0,20.51,2.2
2011-04-21,TX,27.2,16.8,0.9,0.0,0.0,20.5,-1.65
2011-04-22,TX,31.9,21.9,0.0,0.0,0.0,20.64,8.45
2011-04-23,TX,30.5,22.4,0.0,0.0,0.0,20.88,9.4
2011-04-24,TX,28.9,19.3,3.4,0.0,0.0,20.92,3.5
2011-04-25,TX,29.3,19.8,7.3,0.0,0.0,20.98,-1.45
2011-04-26,TX,27.5,16.9,3.2,0.0,0.0,21.31,-5.0
2011-04-27,TX,20.6,15.7,2.7,0.0,0.0,21.49,-4.25
2011-04-28,TX,23.6,11.5,0.0,0.0,0.0,21.62,-4.45
2011-04-29,TX,29.0,14.3,0.0,0.0,0.0,21.96,-5.25
2011-04-30,TX,30.2,19.3,1.5,0.0,0.0,22.27,-1.7
2011-05-01,TX,23.2,9.6,33.7,0.0,0.0,22.12,-7.7
2011-05-02,TX,11.9,9.1,48.5,0.0,0.0,21.7,-14.05
2011-05-03,TX,19.6,7.1,0.0,0.0,0.0,21.33,-8.85
2011-05-04,TX,22.7,9.0,0.0,0.0,0.0,21.23,-2.3
2011-05-05,TX,24.5,13.8,0.0,0.0,0.0,21.38,1.6
2011-05-06,TX,29.1,14.0,0.0,0.0,0.0,21.4,-0.1
2011-05-07,TX,32.0,18.3,0.0,0.0,0.0,21.51,0.4
2011-05-08,TX,33.5,20.3,0.0,0.0,0.0,21.52,10.5
2011-05-09,TX,34.4,22.2,0.0,0.0,0.0,21.57,17.8
2011-05-10,TX,30.9,22.8,0.0,0.0,0.0,21.56,13.5
2011-05-11,TX,29.1,21.4,5.3,0.0,0.0,21.74,9.4
2011-05-12,TX,26.4,18.7,1.1,0.0,0.0,21.86,3.4
2011-05-13,TX,24.7,17.1,2.0,0.0,0.0,21.88,-0.65
2011-05-14,TX,20.5,13.2,0.0,0.0,0.0,21.65,-8.3
2011-05-15,TX,21.7,11.5,0.2,0.0,0.0,21.59,-10.3
2011-05-16,TX,22.4,12.9,0.0,0.0,0.0,21.61,-10.65
2011-05-17,TX,27.3,12.4,0.0,0.0,0.0,21.58,-7.0
2011-05-18,TX,29.1,19.3,0.0,0.0,0.0,21.52,-1.05
2011-05-19,TX,27.6,22.2,0.5,0.0,0.0,21.45,2.35
2011-05-20,TX,28.5,20.6,28.9,0.0,0.0,21.52,3.65
2011-05-21,TX,29.3,20.2,0.1,0.0,0.0,21.61,7.9
2011-05-22,TX,31.7,23.8,0.4,0.0,0.0,21.64,11.15
2011-05-23,TX,29.9,23.6,4.6,0.0,0.0,21.65,9.1
2011-05-24,TX,32.7,23.6,7.7,0.0,0.0,21.78,8.3
2011-05-25,TX,31.4,23.3,0.0,0.0,0.0,21.88,3.15
2011-05-26,TX,26.0,16.8,0.0,0.0,0.0,21.85,-3.5
2011-05-27,TX,35.8,18.4,0.0,0.0,0.0,22.15,2.55
2011-05-28,TX,36.8,23.9,0.0,0.0,0.0,22.58,5.6
2011-05-29,TX,34.8,23.0,0.0,0.0,0.0,22.82,1.15
2011-05-30,TX,33.3,24.1,0.0,0.0,0.0,22.95,1.95
2011-05-31,TX,32.9,24.5,0.0,0.0,0.0,23.36,0.55
2011-06-01,TX,34.9,24.6,0.0,0.0,0.0,24.0,2.4
2011-06-02,TX,35.7,22.5,0.0,0.0,0.0,24.53,7.7
2011-06-03,TX,36.9,24.0,0.0,0.0,0.0,25.01,3.35
2011-06-04,TX,35.7,23.5,0.0,0.0,0.0,25.36,-0.75
2011-06-05,TX,36.0,24.8,0.0,0.0,0.0,25.66,1.5
2011-06-06,TX,36.4,24.0,0.0,0.0,0.0,25.82,1.5
2011-06-07,TX,35.7,24.8,0.2,0.0,0.0,25.94,1.55
2011-06-08,TX,35.3,25.1,0.0,0.0,0.0,26.0,0.45
2011-06-09,TX,35.2,24.8,0.0,0.0,0.0,26.11,0.9
2011-06-10,TX,35.3,25.5,0.0,0.0,0.0,26.28,-0.05
2011-06-11,TX,35.7,26.0,0.0,0.0,0.0,26.55,1.25
2011-06-12,TX,36.8,26.2,0.0,0.0,0.0,26.91,1.1
2011-06-13,TX,37.7,26.4,0.0,0.0,0.0,27.41,1.85
2011-06-14,TX,37.8,26.3,0.0,0.0,0.0,27.93,1.8
2011-06-15,TX,35.2,26.3,0.0,0.0,0.0,28.36,0.55
2011-06-16,TX,38.2,26.4,0.0,0.0,0.0,28.78,2.3
2011-06-17,TX,39.3,26.4,0.0,0.0,0.0,29.07,2.45
2011-06-18,TX,39.9,26.7,0.0,0.0,0.0,29.35,2.45
2011-06-19,TX,39.2,27.2,0.0,0.0,0.0,29.64,1.7
2011-06-20,TX,37.2,26.5,0.0,0.0,0.0,29.87,-0.2
2011-06-21,TX,33.7,25.1,2.9,0.0,0.0,29.93,-2.65
2011-06-22,TX,32.9,23.8,12.1,0.0,0.0,29.98,-2.4
2011-06-23,TX,35.3,22.7,0.0,0.0,0.0,30.01,-3.3
2011-06-24,TX,35.1,24.6,0.0,0.0,0.0,30.09,-3.0
2011-06-25,TX,34.0,25.0,0.0,0.0,0.0,30.36,-3.8
2011-06-26,TX,36.5,25.6,0.0,0.0,0.0,30.5,-2.15
2011-06-27,TX,38.2,26.1,0.0,0.0,0.0,30.56,0.3
2011-06-28,TX,38.6,27.2,0.0,0.0,0.0,30.69,3.5
2011-06-29,TX,37.8,27.6,1.1,0.0,0.0,30.82,4.35
2011-06-30,TX,37.3,27.7,2.1,0.0,0.0,30.95,3.5
2011-07-01,TX,37.3,26.5,0.3,0.0,0.0,31.02,2.05
2011-07-02,TX,37.7,27.4,0.0,0.0,0.0,31.14,3.05
2011-07-03,TX,37.7,26.4,0.0,0.0,0.0,31.19,1.0
2011-07-04,TX,38.1,28.1,0.0,0.0,0.0,31.3,0.95
2011-07-05,TX,37.7,27.9,0.0,0.0,0.0,31.38,-0.1
2011-07-06,TX,38.3,26.8,0.0,0.0,0.0,31.46,-0.15
2011-07-07,TX,38.7,27.1,0.0,0.0,0.0,31.55,0.4
2011-07-08,TX,40.2,29.3,0.3,0.0,0.0,31.7,2.85
2011-07-09,TX,39.1,29.9,0.0,0.0,0.0,31.85,1.95
2011-07-10,TX,38.1,28.7,0.0,0.0,0.0,31.95,1.35
2011-07-11,TX,38.0,28.7,0.0,0.0,0.0,32.04,0.25
2011-07-12,TX,37.2,29.5,0.2,0.0,0.0,32.1,0.55
2011-07-13,TX,39.2,29.1,0.0,0.0,0.0,32.17,1.6
2011-07-14,TX,39.0,29.7,0.2,0.0,0.0,32.24,1.45
2011-07-15,TX,39.0,29.8,0.0,0.0,0.0,32.37,-0.35
2011-07-16,TX,38.0,28.9,0.0,0.0,0.0,32.4,-1.05
2011-07-17,TX,37.3,29.4,0.0,0.0,0.0,32.42,-0.05
2011-07-18,TX,37.1,28.9,0.0,0.0,0.0,32.41,-0.35
2011-07-19,TX,37.8,28.2,0.1,0.0,0.0,32.4,-0.35
2011-07-20,TX,36.2,27.9,0.0,0.0,0.0,32.41,-2.1
2011-07-21,TX,37.8,28.9,0.0,0.0,0.0,32.54,-1.0
2011-07-22,TX,37.9,28.9,0.1,0.0,0.0,32.71,-1.0
2011-07-23,TX,39.1,28.0,0.0,0.0,0.0,32.86,0.1
2011-07-24,TX,39.7,29.4,0.0,0.0,0.0,33.02,1.2
2011-07-25,TX,39.9,30.2,0.5,0.0,0.0,33.2,2.05
2011-07-26,TX,38.5,30.8,0.2,0.0,0.0,33.32,1.65
2011-07-27,TX,39.7,29.7,0.0,0.0,0.0,33.41,2.65
2011-07-28,TX,37.9,29.8,0.0,0.0,0.0,33.44,0.5
2011-07-29,TX,36.9,28.8,0.5,0.0,0.0,33.45,-0.55
2011-07-30,TX,37.3,27.4,0.0,0.0,0.0,33.44,-1.2
2011-07-31,TX,38.8,29.8,0.0,0.0,0.0,33.52,-0.25
2011-08-01,TX,40.8,30.1,0.0,0.0,0.0,33.62,0.4
2011-08-02,TX,42.2,30.8,0.0,0.0,0.0,33.77,1.85
2011-08-03,TX,42.4,31.1,0.1,0.0,0.0,33.89,2.05
2011-08-04,TX,42.1,31.7,0.0,0.0,0.0,34.02,3.05
2011-08-05,TX,41.4,30.6,0.0,0.0,0.0,34.14,3.15
2011-08-06,TX,40.8,30.0,0.0,0.0,0.0,34.22,3.05
2011-08-07,TX,39.9,30.2,0.5,0.0,0.0,34.23,0.75
2011-08-08,TX,39.8,29.8,0.0,0.0,0.0,34.24,-0.65
2011-08-09,TX,40.7,28.9,0.0,0.0,0.0,34.29,-1.7
2011-08-10,TX,39.5,29.5,0.0,0.0,0.0,34.33,-2.25
2011-08-11,TX,37.1,28.6,1.2,0.0,0.0,34.31,-4.05
2011-08-12,TX,38.4,28.9,0.2,0.0,0.0,34.29,-2.35
2011-08-13,TX,34.5,29.5,0.3,0.0,0.0,34.22,-3.4
2011-08-14,TX,36.6,26.6,0.0,0.0,0.0,34.12,-3.45
2011-08-15,TX,39.3,27.1,0.0,0.0,0.0,34.11,-1.6
2011-08-16,TX,39.9,29.7,0.0,0.0,0.0,34.16,0.0
2011-08-17,TX,39.4,29.3,0.0,0.0,0.0,34.21,-0.15
2011-08-18,TX,40.4,29.5,0.0,0.0,0.0,34.27,2.1
2011-08-19,TX,41.1,30.0,0.0,0.0,0.0,34.39,1.9
2011-08-20,TX,40.5,30.6,0.0,0.0,0.0,34.46,3.55
2011-08-21,TX,38.4,30.4,0.1,0.0,0.0,34.5,2.8
2011-08-22,TX,39.2,30.0,0.0,0.0,0.0,34.53,1.4
2011-08-23,TX,40.1,29.9,0.0,0.0,0.0,34.55,0.2
2011-08-24,TX,40.1,30.2,0.0,0.0,0.0,34.55,0.8
2011-08-25,TX,37.5,27.2,0.0,0.0,0.0,34.47,-2.6
2011-08-26,TX,39.1,29.2,0.0,0.0,0.0,34.46,-1.4
2011-08-27,TX,40.4,28.3,0.0,0.0,0.0,34.47,-1.2
2011-08-28,TX,40.8,28.2,0.0,0.0,0.0,34.53,0.1
2011-08-29,TX,39.3,30.6,0.0,0.0,0.0,34.61,0.35
2011-08-30,TX,38.9,30.4,0.0,0.0,0.0,34.62,-0.35
2011-08-31,TX,39.4,29.4,0.0,0.0,0.0,34.59,-0.75
2011-09-01,TX,38.1,29.1,0.0,0.0,0.0,34.49,1.25
2011-09-02,TX,37.2,28.6,0.0,0.0,0.0,34.36,-1.25
2011-09-03,TX,36.7,26.5,0.0,0.0,0.0,34.19,-2.75
2011-09-04,TX,35.6,26.8,0.0,0.0,0.0,34.03,-3.3
2011-09-05,TX,29.4,21.3,0.0,0.0,0.0,33.69,-9.6
2011-09-06,TX,30.7,18.8,0.0,0.0,0.0,33.35,-9.9
2011-09-07,TX,32.1,19.6,0.0,0.0,0.0,33.05,-8.55
2011-09-08,TX,31.1,22.3,0.0,0.0,0.0,32.78,-6.9
2011-09-09,TX,31.4,19.7,0.0,0.0,0.0,32.48,-7.35
2011-09-10,TX,33.1,18.8,0.0,0.0,0.0,32.25,-5.65
2011-09-11,TX,35.3,21.0,0.0,0.0,0.0,32.07,-3.05
2011-09-12,TX,38.0,21.9,0.0,0.0,0.0,32.0,4.6
2011-09-13,TX,41.5,28.3,0.0,0.0,0.0,32.11,10.15
2011-09-14,TX,38.0,27.9,0.0,0.0,0.0,32.1,7.1
2011-09-15,TX,26.8,20.0,4.2,0.0,0.0,31.72,-3.3
2011-09-16,TX,31.6,20.2,0.0,0.0,0.0,31.44,0.35
2011-09-17,TX,32.3,23.8,0.1,0.0,0.0,31.21,2.1
2011-09-18,TX,33.9,23.5,6.7,0.0,0.0,30.98,0.55
2011-09-19,TX,29.7,20.7,0.5,0.0,0.0,30.64,-4.75
2011-09-20,TX,30.7,18.2,0.0,0.0,0.0,30.31,-10.45
2011-09-21,TX,33.6,20.4,0.0,0.0,0.0,30.05,-5.95
2011-09-22,TX,30.3,20.7,0.0,0.0,0.0,29.74,2.1
2011-09-23,TX,27.7,16.0,0.0,0.0,0.0,29.29,-4.05
2011-09-24,TX,34.9,17.5,0.0,0.0,0.0,29.09,-1.85
2011-09-25,TX,36.2,25.2,0.0,0.0,0.0,28.97,2.0
2011-09-26,TX,32.6,19.3,0.0,0.0,0.0,28.69,0.75
2011-09-27,TX,34.3,21.3,0.0,0.0,0.0,28.47,3.35
2011-09-28,TX,35.1,22.5,0.0,0.0,0.0,28.26,1.8
2011-09-29,TX,37.6,21.8,0.0,0.0,0.0,28.1,4.2
2011-09-30,TX,28.7,21.4,0.0,0.0,0.0,27.79,3.2
2011-10-01,TX,28.3,16.3,0.0,0.0,0.0,27.41,-3.9
2011-10-02,TX,28.3,16.2,0.0,0.0,0.0,27.06,-8.45
2011-10-03,TX,29.9,16.2,0.0,0.0,0.0,26.77,-2.9
2011-10-04,TX,29.9,16.7,0.0,0.0,0.0,26.51,-4.5
2011-10-05,TX,30.1,17.6,0.0,0.0,0.0,26.46,-4.95
2011-10-06,TX,30.8,20.2,0.0,0.0,0.0,26.48,-4.2
2011-10-07,TX,31.0,23.2,0.0,0.0,0.0,26.52,2.05
2011-10-08,TX,30.8,22.0,0.0,0.0,0.0,26.51,4.1
2011-10-09,TX,25.4,19.8,10.6,0.0,0.0,26.42,0.35
2011-10-10,TX,23.9,17.5,1.9,0.0,0.0,26.24,-2.35
2011-10-11,TX,27.7,17.8,0.3,0.0,0.0,26.06,-0.55
2011-10-12,TX,26.8,19.1,24.5,0.0,0.0,25.83,-0.9
2011-10-13,TX,25.1,16.9,0.0,0.0,0.0,25.36,-4.5
2011-10-14,TX,28.6,13.5,0.0,0.0,0.0,24.97,-6.05
2011-10-15,TX,30.0,14.9,0.0,0.0,0.0,24.94,-3.95
2011-10-16,TX,30.0,18.2,0.0,0.0,0.0,24.88,1.5
2011-10-17,TX,31.2,18.6,3.1,0.0,0.0,24.77,4.2
2011-10-18,TX,19.3,13.2,6.4,0.0,0.0,24.36,-6.5
2011-10-19,TX,19.6,11.1,0.0,0.0,0.0,24.03,-7.6
2011-10-20,TX,21.5,8.0,0.0,0.0,0.0,23.7,-6.25
2011-10-21,TX,26.9,12.1,0.0,0.0,0.0,23.46,-1.55
2011-10-22,TX,27.8,17.5,0.0,0.0,0.0,23.36,0.2
2011-10-23,TX,25.4,18.8,10.4,0.0,0.0,23.37,-2.0
2011-10-24,TX,26.1,14.8,0.0,0.0,0.0,23.18,-4.45
2011-10-25,TX,29.6,18.1,0.0,0.0,0.0,22.95,7.6
2011-10-26,TX,29.1,19.8,0.0,0.0,0.0,22.9,9.1
2011-10-27,TX,20.6,10.7,9.4,0.0,0.0,22.49,0.9
2011-10-28,TX,15.6,9.9,0.0,0.0,0.0,21.96,-6.75
2011-10-29,TX,18.4,6.1,0.0,0.0,0.0,21.38,-10.4
2011-10-30,TX,20.9,9.2,0.0,0.0,0.0,21.04,-7.05
2011-10-31,TX,24.0,8.8,0.0,0.0,0.0,20.85,-4.05
2011-11-01,TX,24.8,13.9,0.0,0.0,0.0,20.75,-4.5
2011-11-02,TX,26.4,10.9,1.2,0.0,0.0,20.6,-5.8
2011-11-03,TX,14.1,7.2,0.0,0.0,0.0,20.18,-5.0
2011-11-04,TX,16.8,4.3,0.0,0.0,0.0,19.74,-2.2
2011-11-05,TX,20.9,8.3,0.0,0.0,0.0,19.38,2.35
2011-11-06,TX,24.8,17.0,0.7,0.0,0.0,19.17,5.85
2011-11-07,TX,23.8,19.9,11.3,0.0,0.0,19.02,5.45
2011-11-08,TX,22.1,14.7,5.1,0.0,0.0,18.88,-0.95
2011-11-09,TX,15.6,8.2,0.0,0.0,0.0,18.58,-6.75
2011-11-10,TX,17.4,6.1,0.0,0.0,0.0,18.22,1.1
2011-11-11,TX,20.1,7.2,0.0,0.0,0.0,17.91,3.1
2011-11-12,TX,24.0,11.8,0.0,0.0,0.0,17.8,3.3
2011-11-13,TX,27.6,17.5,0.0,0.0,0.0,17.85,1.65
2011-11-14,TX,26.8,20.0,0.0,0.0,0.0,17.89,1.55
2011-11-15,TX,26.4,19.0,3.1,0.0,0.0,17.84,4.3
2011-11-16,TX,19.7,11.3,0.3,0.0,0.0,17.52,3.6
2011-11-17,TX,13.5,5.6,0.0,0.0,0.0,17.3,-2.2
2011-11-18,TX,19.1,6.8,0.0,0.0,0.0,17.22,-0.7
2011-11-19,TX,23.7,16.6,0.3,0.0,0.0,17.4,2.25
2011-11-20,TX,24.9,17.0,22.8,0.0,0.0,17.45,-1.6
2011-11-21,TX,19.3,10.4,37.9,0.0,0.0,17.19,-8.55
2011-11-22,TX,19.6,9.5,8.8,0.0,0.0,16.94,-8.15
2011-11-23,TX,17.8,7.2,0.0,0.0,0.0,16.67,-3.0
2011-11-24,TX,17.9,7.3,0.0,0.0,0.0,16.3,3.05
2011-11-25,TX,20.0,10.3,0.0,0.0,0.0,15.99,2.2
2011-11-26,TX,18.2,10.2,10.3,0.0,0.0,15.94,-5.95
2011-11-27,TX,10.1,5.4,0.0,0.0,0.0,15.77,-13.2
2011-11-28,TX,11.8,1.5,0.0,0.0,0.0,15.59,-8.2
2011-11-29,TX,14.2,3.6,0.0,0.0,0.0,15.38,-5.65
2011-11-30,TX,13.7,3.2,0.0,0.0,0.0,15.12,-4.05
2011-12-01,TX,18.5,5.9,1.8,0.0,0.0,14.88,-0.4
2011-12-02,TX,16.3,11.8,1.9,0.0,0.0,14.72,-1.1
2011-12-03,TX,18.5,12.4,26.5,0.0,0.0,14.88,1.25
2011-12-04,TX,13.2,5.9,38.8,0.0,0.0,14.85,1.8
2011-12-05,TX,6.1,2.3,20.2,0.07,0.0,14.5,-2.45
2011-12-06,TX,3.8,-0.2,0.0,0.0,0.0,13.87,-7.1
2011-12-07,TX,6.7,-3.4,0.0,0.0,0.0,13.19,-6.8
2011-12-08,TX,11.6,-0.0,0.0,0.0,0.0,12.78,-6.4
2011-12-09,TX,10.2,1.7,0.0,0.0,0.0,12.58,-8.1
2011-12-10,TX,10.8,3.2,0.0,0.0,0.0,12.42,-8.45
2011-12-11,TX,10.6,4.0,0.0,0.0,0.0,12.21,-2.25
2011-12-12,TX,11.2,7.8,0.1,0.0,0.0,11.93,5.3
2011-12-13,TX,16.7,10.0,0.1,0.0,0.0,11.62,11.55
2011-12-14,TX,19.1,16.0,26.5,0.0,0.0,11.42,15.9
2011-12-15,TX,17.7,7.4,20.3,0.0,0.0,11.09,6.75
2011-12-16,TX,11.4,5.8,6.1,0.0,0.0,10.86,2.65
2011-12-17,TX,12.9,1.6,0.0,0.0,0.0,10.78,0.25
2011-12-18,TX,14.0,4.8,0.0,0.0,0.0,10.66,2.1
2011-12-19,TX,18.2,10.9,21.2,0.0,0.0,10.48,5.05
2011-12-20,TX,13.3,5.2,0.0,0.0,0.0,10.09,-4.1
2011-12-21,TX,11.7,1.6,0.0,0.0,0.0,9.81,-10.9
2011-12-22,TX,14.9,6.0,0.2,0.0,0.0,9.67,-2.1
2011-12-23,TX,9.7,4.7,0.2,0.0,0.0,9.5,-1.4
2011-12-24,TX,7.6,3.9,1.6,0.0,0.0,9.27,-1.5
2011-12-25,TX,8.1,5.2,1.9,0.0,0.0,8.99,-2.75
2011-12-26,TX,8.6,4.5,0.6,0.0,0.0,8.73,-8.0
2011-12-27,TX,13.6,3.0,0.0,0.0,0.0,8.75,-0.95
2011-12-28,TX,14.8,2.6,0.0,0.0,0.0,8.82,2.05
2011-12-29,TX,16.7,2.2,0.0,0.0,0.0,8.84,-1.0
2011-12-30,TX,18.0,7.3,0.0,0.0,0.0,8.98,5.45
2011-12-31,TX,20.7,4.0,0.0,0.0,0.0,8.98,6.6
2012-01-01,TX,15.2,6.6,0.0,0.0,0.0,8.88,4.25
2012-01-02,TX,10.5,3.3,0.0,0.0,0.0,8.59,0.35
2012-01-03,TX,13.4,-0.4,0.0,0.0,0.0,8.49,-1.8
2012-01-04,TX,14.7,4.6,0.0,0.0,0.0,8.67,0.95
2012-01-05,TX,17.3,1.6,0.0,0.0,0.0,8.93,0.0
2012-01-06,TX,21.4,9.4,0.0,0.0,0.0,9.38,2.75
2012-01-07,TX,15.1,7.5,0.0,0.0,0.0,9.57,-1.05
2012-01-08,TX,14.8,7.6,0.2,0.0,0.0,9.74,0.3
2012-01-09,TX,11.3,7.6,24.2,0.0,0.0,9.82,2.55
2012-01-10,TX,8.4,6.3,5.2,0.0,0.0,9.83,0.85
2012-01-11,TX,17.2,2.9,0.0,0.0,0.0,9.84,0.4
2012-01-12,TX,8.0,0.3,0.0,0.0,0.0,9.54,-5.3
2012-01-13,TX,12.2,-1.4,0.0,0.0,0.0,9.13,-10.0
2012-01-14,TX,17.3,3.2,0.0,0.0,0.0,9.06,-1.05
2012-01-15,TX,17.0,4.2,0.0,0.0,0.0,9.12,-0.6
2012-01-16,TX,21.2,14.5,0.0,0.0,0.0,9.48,8.4
2012-01-17,TX,18.0,4.7,0.0,0.0,0.0,9.54,4.0
2012-01-18,TX,11.1,0.6,0.0,0.0,0.0,9.25,-4.2
2012-01-19,TX,20.5,6.4,0.0,0.0,0.0,9.39,9.3
2012-01-20,TX,23.6,9.0,0.0,0.0,0.0,9.71,10.9
2012-01-21,TX,13.1,5.0,0.0,0.0,0.0,9.67,-1.2
2012-01-22,TX,23.7,7.6,0.1,0.0,0.0,9.95,5.05
2012-01-23,TX,15.5,4.7,0.0,0.0,0.0,10.09,-7.75
2012-01-24,TX,19.5,6.1,21.7,0.0,0.0,10.3,1.45
2012-01-25,TX,12.3,8.8,64.8,0.0,0.0,10.43,4.7
2012-01-26,TX,15.3,7.5,1.1,0.0,0.0,10.53,-2.05
2012-01-27,TX,18.4,2.9,0.0,0.0,0.0,10.6,-5.65
2012-01-28,TX,12.2,5.2,0.0,0.0,0.0,10.58,-0.35
2012-01-29,TX,14.6,0.3,0.0,0.0,0.0,10.4,-8.2
2012-01-30,TX,18.7,6.6,0.0,0.0,0.0,10.41,2.55
2012-01-31,TX,22.1,13.7,0.0,0.0,0.0,10.65,5.1
2012-02-01,TX,22.3,11.8,0.0,0.0,0.0,10.98,6.5
2012-02-02,TX,22.2,11.3,1.0,0.0,0.0,11.32,5.35
2012-02-03,TX,22.2,16.5,13.4,0.0,0.0,11.65,8.7
2012-02-04,TX,17.0,8.6,5.7,0.0,0.0,11.76,4.1
2012-02-05,TX,8.3,4.3,0.0,0.0,0.0,11.46,-1.15
2012-02-06,TX,11.1,1.8,0.0,0.0,0.0,11.29,-6.2
2012-02-07,TX,14.1,8.1,0.2,0.0,0.0,11.29,-6.8
2012-02-08,TX,8.5,5.6,0.0,0.0,0.0,11.21,-10.0
2012-02-09,TX,12.8,2.8,0.0,0.0,0.0,11.23,-8.95
2012-02-10,TX,13.6,6.7,5.1,0.0,0.0,11.23,-9.2
2012-02-11,TX,5.6,-0.6,0.0,0.0,0.0,11.18,-10.3
2012-02-12,TX,6.5,-2.0,1.3,0.07,0.0,11.07,-4.05
2012-02-13,TX,9.6,1.9,8.1,0.49,0.0,10.92,-0.7
2012-02-14,TX,18.0,4.2,0.0,0.0,0.0,10.94,0.0
2012-02-15,TX,22.1,11.3,9.6,0.0,0.0,10.9,9.65
2012-02-16,TX,13.5,7.3,0.2,0.0,0.0,10.87,2.6
2012-02-17,TX,15.9,6.7,1.7,0.0,0.0,11.05,1.15
2012-02-18,TX,11.2,8.7,40.5,0.0,0.0,10.93,7.45
2012-02-19,TX,13.0,5.8,0.0,0.0,0.0,10.7,7.15
2012-02-20,TX,16.8,7.0,0.0,0.0,0.0,10.8,6.15
2012-02-21,TX,19.4,2.5,0.0,0.0,0.0,10.64,-0.15
2012-02-22,TX,23.8,14.0,0.0,0.0,0.0,10.93,2.2
2012-02-23,TX,26.6,14.9,0.0,0.0,0.0,11.2,10.35
2012-02-24,TX,13.8,6.5,0.0,0.0,0.0,11.18,-1.15
2012-02-25,TX,16.7,3.3,0.0,0.0,0.0,11.14,0.05
2012-02-26,TX,17.6,5.4,0.0,0.0,0.0,11.17,2.1
2012-02-27,TX,19.6,11.0,0.1,0.0,0.0,11.39,3.4
2012-02-28,TX,22.1,14.8,0.9,0.0,0.0,11.75,7.5
2012-02-29,TX,23.0,13.6,2.0,0.0,0.0,11.94,-0.6
2012-03-01,TX,26.4,8.8,0.0,0.0,0.0,11.93,-3.15
2012-03-02,TX,20.3,12.3,0.0,0.0,0.0,11.91,6.15
2012-03-03,TX,15.2,7.3,0.0,0.0,0.0,11.72,1.25
2012-03-04,TX,22.0,4.8,0.0,0.0,0.0,11.53,1.9
2012-03-05,TX,24.1,7.1,0.0,0.0,0.0,11.62,0.3
2012-03-06,TX,21.9,11.9,0.0,0.0,0.0,11.97,-1.55
2012-03-07,TX,21.5,17.1,0.8,0.0,0.0,12.4,1.0
2012-03-08,TX,21.2,7.8,17.4,0.0,0.0,12.51,-3.1
2012-03-09,TX,11.8,6.8,2.3,0.0,0.0,12.59,-7.0
2012-03-10,TX,13.1,7.5,11.7,0.0,0.0,12.67,-0.95
2012-03-11,TX,17.6,10.6,22.1,0.0,0.0,12.8,0.7
2012-03-12,TX,25.0,11.7,0.0,0.0,0.0,13.33,2.75
2012-03-13,TX,23.9,14.9,0.1,0.0,0.0,13.9,2.5
2012-03-14,TX,24.9,17.2,2.9,0.0,0.0,14.41,1.75
2012-03-15,TX,25.9,18.8,0.3,0.0,0.0,14.79,7.85
2012-03-16,TX,25.6,18.4,0.2,0.0,0.0,14.96,12.7
2012-03-17,TX,25.3,18.0,0.0,0.0,0.0,15.34,11.35
2012-03-18,TX,24.7,18.4,0.3,0.0,0.0,15.68,7.45
2012-03-19,TX,25.6,17.2,26.5,0.0,0.0,16.06,3.05
2012-03-20,TX,18.5,11.9,55.6,0.0,0.0,16.26,-4.2
2012-03-21,TX,18.4,10.2,0.1,0.0,0.0,16.34,-6.75
2012-03-22,TX,23.3,9.9,2.7,0.0,0.0,16.52,-5.75
2012-03-23,TX,22.2,7.9,0.0,0.0,0.0,16.4,-6.95
2012-03-24,TX,25.1,10.8,0.0,0.0,0.0,16.3,-3.7
2012-03-25,TX,26.5,14.9,0.0,0.0,0.0,16.65,-0.85
2012-03-26,TX,27.6,13.5,0.0,0.0,0.0,17.01,-0.85
2012-03-27,TX,25.6,16.2,0.0,0.0,0.0,17.32,5.7
2012-03-28,TX,24.1,16.8,0.7,0.0,0.0,17.49,6.15
2012-03-29,TX,24.3,17.3,2.0,0.0,0.0,17.57,4.2
2012-03-30,TX,26.9,18.1,0.0,0.0,0.0,17.71,7.45
2012-03-31,TX,28.1,18.2,0.0,0.0,0.0,17.89,5.2
2012-04-01,TX,29.0,19.2,0.0,0.0,0.0,18.15,3.4
2012-04-02,TX,26.7,20.2,0.3,0.0,0.0,18.56,2.9
2012-04-03,TX,24.4,17.8,11.8,0.0,0.0,18.82,0.2
2012-04-04,TX,23.0,15.8,0.0,0.0,0.0,18.94,-1.05
2012-04-05,TX,23.7,12.7,0.2,0.0,0.0,18.99,-2.6
2012-04-06,TX,24.7,12.7,0.0,0.0,0.0,18.97,-3.8
2012-04-07,TX,27.0,16.0,1.1,0.0,0.0,19.2,-1.65
2012-04-08,TX,23.6,17.5,1.4,0.0,0.0,19.58,-3.55
2012-04-09,TX,23.6,14.7,1.6,0.0,0.0,19.87,-4.3
2012-04-10,TX,27.1,17.6,0.0,0.0,0.0,20.15,1.25
2012-04-11,TX,27.3,16.9,0.0,0.0,0.0,20.27,2.7
2012-04-12,TX,25.8,18.0,0.2,0.0,0.0,20.36,3.7
2012-04-13,TX,25.5,18.7,0.1,0.0,0.0,20.39,3.4
2012-04-14,TX,27.4,21.0,0.8,0.0,0.0,20.45,2.7
2012-04-15,TX,23.4,15.0,15.5,0.0,0.0,20.36,-1.35
2012-04-16,TX,22.4,12.4,0.0,0.0,0.0,20.22,-1.75
2012-04-17,TX,24.2,12.1,0.0,0.0,0.0,20.1,-4.2
2012-04-18,TX,24.9,13.1,0.0,0.0,0.0,20.02,-3.1
2012-04-19,TX,26.4,14.9,0.0,0.0,0.0,20.2,-1.25
2012-04-20,TX,20.4,16.2,0.7,0.0,0.0,20.34,-3.8
2012-04-21,TX,22.2,10.7,0.0,0.0,0.0,20.33,-7.75
2012-04-22,TX,26.6,11.9,0.0,0.0,0.0,20.47,0.05
2012-04-23,TX,22.3,10.8,0.0,0.0,0.0,20.43,-0.85
2012-04-24,TX,28.7,12.9,0.0,0.0,0.0,20.43,2.65
2012-04-25,TX,31.1,18.3,0.0,0.0,0.0,20.57,5.7
2012-04-26,TX,31.4,20.6,0.0,0.0,0.0,20.74,5.35
2012-04-27,TX,30.6,20.1,0.0,0.0,0.0,20.9,7.05
2012-04-28,TX,30.7,20.1,0.0,0.0,0.0,21.06,8.95
2012-04-29,TX,29.3,21.3,0.2,0.0,0.0,21.15,6.05
2012-04-30,TX,29.0,21.8,6.6,0.0,0.0,21.22,8.85
2012-05-01,TX,30.1,21.1,0.0,0.0,0.0,21.27,4.8
2012-05-02,TX,28.7,20.3,0.0,0.0,0.0,21.31,-0.2
2012-05-03,TX,32.5,21.2,0.0,0.0,0.0,21.5,0.85
2012-05-04,TX,32.8,22.5,0.0,0.0,0.0,21.78,2.3
2012-05-05,TX,33.2,21.9,0.0,0.0,0.0,22.09,2.15
2012-05-06,TX,32.3,23.8,0.0,0.0,0.0,22.4,2.75
2012-05-07,TX,30.5,21.1,8.4,0.0,0.0,22.54,0.4
2012-05-08,TX,23.2,19.8,1.5,0.0,0.0,22.57,-4.1
2012-05-09,TX,27.1,17.5,0.0,0.0,0.0,22.68,-2.2
2012-05-10,TX,27.2,15.3,2.3,0.0,0.0,22.64,-5.6
2012-05-11,TX,23.2,17.0,56.1,0.0,0.0,22.58,-7.55
2012-05-12,TX,22.2,17.5,0.8,0.0,0.0,22.51,-7.7
2012-05-13,TX,25.9,16.2,0.0,0.0,0.0,22.47,-7.0
2012-05-14,TX,26.4,16.3,0.0,0.0,0.0,22.38,-4.45
2012-05-15,TX,27.1,16.9,0.0,0.0,0.0,22.47,0.5
2012-05-16,TX,29.1,16.0,0.0,0.0,0.0,22.64,0.25
2012-05-17,TX,30.0,17.1,0.0,0.0,0.0,22.82,2.3
2012-05-18,TX,30.1,19.2,0.0,0.0,0.0,23.01,4.55
2012-05-19,TX,30.1,19.6,0.0,0.0,0.0,23.15,5.0
2012-05-20,TX,29.9,19.3,0.0,0.0,0.0,23.36,3.55
2012-05-21,TX,29.7,19.0,0.4,0.0,0.0,23.62,3.0
2012-05-22,TX,31.8,18.1,0.5,0.0,0.0,23.81,2.95
2012-05-23,TX,32.4,22.2,0.0,0.0,0.0,24.17,4.75
2012-05-24,TX,33.2,22.4,0.0,0.0,0.0,24.4,4.25
2012-05-25,TX,34.2,23.3,0.0,0.0,0.0,24.54,4.1
2012-05-26,TX,32.6,23.9,0.0,0.0,0.0,24.62,3.4
2012-05-27,TX,32.6,22.0,0.0,0.0,0.0,24.68,2.7
2012-05-28,TX,32.2,22.6,0.0,0.0,0.0,24.75,3.05
2012-05-29,TX,33.5,23.0,1.0,0.0,0.0,24.85,3.3
2012-05-30,TX,34.0,23.6,0.0,0.0,0.0,24.96,1.5
2012-05-31,TX,28.6,20.1,14.6,0.0,0.0,24.92,-3.45
2012-06-01,TX,28.2,17.1,0.0,0.0,0.0,24.86,-6.1
2012-06-02,TX,34.2,21.5,1.1,0.0,0.0,24.89,-0.4
2012-06-03,TX,34.5,23.6,0.0,0.0,0.0,24.94,1.75
2012-06-04,TX,33.0,23.8,0.6,0.0,0.0,24.96,1.0
2012-06-05,TX,34.2,22.4,2.9,0.0,0.0,24.97,0.05
2012-06-06,TX,33.0,23.6,25.7,0.0,0.0,25.06,-0.5
2012-06-07,TX,23.7,19.8,18.5,0.0,0.0,25.06,-2.6
2012-06-08,TX,28.6,20.9,0.0,0.0,0.0,25.14,2.1
2012-06-09,TX,31.0,21.0,0.0,0.0,0.0,25.3,-1.85
2012-06-10,TX,33.7,23.7,0.0,0.0,0.0,25.59,-0.35
2012-06-11,TX,35.4,25.3,0.0,0.0,0.0,25.94,1.95
2012-06-12,TX,30.5,21.8,28.8,0.0,0.0,26.11,-2.15
2012-06-13,TX,29.9,21.6,0.8,0.0,0.0,26.26,-2.55
2012-06-14,TX,31.5,22.9,0.1,0.0,0.0,26.43,5.45
2012-06-15,TX,30.8,24.3,0.2,0.0,0.0,26.6,2.8
2012-06-16,TX,31.9,24.8,3.2,0.0,0.0,26.76,2.35
2012-06-17,TX,31.4,23.2,0.2,0.0,0.0,26.85,-1.4
2012-06-18,TX,32.3,23.3,0.0,0.0,0.0,26.94,-2.55
2012-06-19,TX,32.3,23.7,0.3,0.0,0.0,27.06,1.85
2012-06-20,TX,32.4,24.1,0.0,0.0,0.0,27.19,2.5
2012-06-21,TX,32.2,23.1,0.0,0.0,0.0,27.28,0.45
2012-06-22,TX,33.1,22.9,0.0,0.0,0.0,27.3,0.45
2012-06-23,TX,34.6,24.4,0.0,0.0,0.0,27.36,1.15
2012-06-24,TX,35.2,23.0,0.0,0.0,0.0,27.37,1.8
2012-06-25,TX,37.2,24.1,0.0,0.0,0.0,27.45,2.85
2012-06-26,TX,39.1,25.9,0.0,0.0,0.0,27.62,4.5
2012-06-27,TX,37.6,27.2,0.0,0.0,0.0,27.79,4.15
2012-06-28,TX,37.1,27.3,0.0,0.0,0.0,27.92,4.55
2012-06-29,TX,35.9,26.6,0.0,0.0,0.0,28.0,3.25
2012-06-30,TX,35.3,26.1,0.0,0.0,0.0,28.21,1.2
2012-07-01,TX,34.1,25.6,0.1,0.0,0.0,28.45,0.75
2012-07-02,TX,33.5,26.0,0.0,0.0,0.0,28.52,-0.9
2012-07-03,TX,35.3,25.8,0.0,0.0,0.0,28.57,-1.95
2012-07-04,TX,35.6,25.8,0.0,0.0,0.0,28.64,-1.7
2012-07-05,TX,36.1,26.4,0.0,0.0,0.0,28.74,-0.95
2012-07-06,TX,36.4,26.3,0.0,0.0,0.0,28.84,0.1
2012-07-07,TX,36.8,26.8,1.9,0.0,0.0,29.18,1.1
2012-07-08,TX,34.4,25.4,0.0,0.0,0.0,29.35,0.05
2012-07-09,TX,33.7,25.2,3.9,0.0,0.0,29.46,-0.3
2012-07-10,TX,31.6,24.7,2.8,0.0,0.0,29.45,-2.4
2012-07-11,TX,33.2,24.6,0.2,0.0,0.0,29.4,-1.8
2012-07-12,TX,33.0,23.9,0.7,0.0,0.0,29.48,-2.8
2012-07-13,TX,33.9,23.5,0.0,0.0,0.0,29.57,-2.65
2012-07-14,TX,34.2,24.1,0.4,0.0,0.0,29.64,-2.65
2012-07-15,TX,32.0,22.8,3.4,0.0,0.0,29.63,-2.5
2012-07-16,TX,33.2,24.1,0.8,0.0,0.0,29.64,-0.8
2012-07-17,TX,35.2,24.6,0.6,0.0,0.0,29.73,1.75
2012-07-18,TX,36.3,25.1,0.0,0.0,0.0,29.83,1.8
2012-07-19,TX,37.6,26.5,0.0,0.0,0.0,29.96,3.6
2012-07-20,TX,39.8,27.7,0.0,0.0,0.0,30.14,5.05
2012-07-21,TX,40.3,27.2,0.0,0.0,0.0,30.35,4.6
2012-07-22,TX,36.9,28.0,0.0,0.0,0.0,30.5,5.05
2012-07-23,TX,36.3,27.0,0.0,0.0,0.0,30.57,3.0
2012-07-24,TX,36.0,25.9,0.0,0.0,0.0,30.63,1.05
2012-07-25,TX,37.1,27.2,0.0,0.0,0.0,30.68,1.45
2012-07-26,TX,35.7,27.0,4.4,0.0,0.0,30.64,-0.7
2012-07-27,TX,35.1,27.4,0.0,0.0,0.0,30.6,-2.5
2012-07-28,TX,38.4,27.2,0.0,0.0,0.0,30.62,-0.95
2012-07-29,TX,39.8,27.7,0.0,0.0,0.0,30.71,1.3
2012-07-30,TX,39.2,28.4,0.0,0.0,0.0,30.81,2.15
2012-07-31,TX,39.8,28.3,0.0,0.0,0.0,30.95,3.1
2012-08-01,TX,40.6,29.1,0.0,0.0,0.0,31.12,2.7
2012-08-02,TX,40.4,28.7,0.0,0.0,0.0,31.25,3.2
2012-08-03,TX,39.2,27.9,0.0,0.0,0.0,31.35,2.3
2012-08-04,TX,38.3,27.9,0.0,0.0,0.0,31.41,0.3
2012-08-05,TX,37.8,28.9,0.0,0.0,0.0,31.48,-0.4
2012-08-06,TX,37.9,28.7,0.0,0.0,0.0,31.53,-0.5
2012-08-07,TX,38.6,28.1,0.0,0.0,0.0,31.64,-0.7
2012-08-08,TX,37.2,29.2,0.0,0.0,0.0,31.77,-1.65
2012-08-09,TX,38.7,26.5,0.0,0.0,0.0,31.92,-1.95
2012-08-10,TX,36.8,28.2,0.0,0.0,0.0,32.04,-1.05
2012-08-11,TX,36.0,24.8,0.0,0.0,0.0,32.1,-2.7
2012-08-12,TX,39.5,25.4,1.4,0.0,0.0,32.22,-0.9
2012-08-13,TX,38.8,27.6,0.0,0.0,0.0,32.36,-0.1
2012-08-14,TX,39.2,25.5,0.1,0.0,0.0,32.52,-1.0
2012-08-15,TX,33.6,24.4,1.6,0.0,0.0,32.54,-4.2
2012-08-16,TX,35.2,26.2,0.0,0.0,0.0,32.56,-1.9
2012-08-17,TX,36.2,26.3,0.9,0.0,0.0,32.58,-1.25
2012-08-18,TX,32.6,25.8,0.5,0.0,0.0,32.49,-1.2
2012-08-19,TX,33.0,21.7,0.0,0.0,0.0,32.27,-5.1
2012-08-20,TX,32.8,22.1,0.0,0.0,0.0,32.06,-5.75
2012-08-21,TX,27.7,21.5,2.3,0.0,0.0,31.8,-7.75
2012-08-22,TX,32.7,19.6,0.0,0.0,0.0,31.62,-2.85
2012-08-23,TX,34.1,22.5,0.0,0.0,0.0,31.53,-2.4
2012-08-24,TX,33.5,24.1,0.0,0.0,0.0,31.42,-2.45
2012-08-25,TX,33.9,25.6,0.2,0.0,0.0,31.36,0.55
2012-08-26,TX,31.9,25.8,0.7,0.0,0.0,31.28,1.5
2012-08-27,TX,35.0,25.3,2.1,0.0,0.0,31.2,2.7
2012-08-28,TX,34.2,25.7,0.0,0.0,0.0,31.07,5.35
2012-08-29,TX,35.4,24.5,0.0,0.0,0.0,30.94,3.8
2012-08-30,TX,36.3,25.8,0.0,0.0,0.0,30.84,2.75
2012-08-31,TX,36.7,26.9,0.0,0.0,0.0,30.74,3.0
2012-09-01,TX,36.2,27.6,0.0,0.0,0.0,30.65,2.15
2012-09-02,TX,37.9,27.3,0.0,0.0,0.0,30.62,3.75
2012-09-03,TX,37.6,27.9,0.0,0.0,0.0,30.61,2.6
2012-09-04,TX,38.1,27.4,0.0,0.0,0.0,30.59,2.8
2012-09-05,TX,38.7,27.5,0.0,0.0,0.0,30.58,3.15
2012-09-06,TX,38.5,27.6,0.0,0.0,0.0,30.57,2.0
2012-09-07,TX,39.4,27.9,0.0,0.0,0.0,30.59,1.85
2012-09-08,TX,31.8,21.4,0.0,0.0,0.0,30.39,-5.3
2012-09-09,TX,31.1,19.0,0.0,0.0,0.0,30.14,-7.55
2012-09-10,TX,33.3,20.2,0.0,0.0,0.0,30.02,-6.0
2012-09-11,TX,33.1,21.0,0.0,0.0,0.0,29.84,-5.7
2012-09-12,TX,33.7,22.2,0.0,0.0,0.0,29.66,-5.15
2012-09-13,TX,31.4,23.2,14.2,0.0,0.0,29.49,-5.75
2012-09-14,TX,22.8,19.2,5.8,0.0,0.0,29.23,-12.65
2012-09-15,TX,23.5,18.6,0.7,0.0,0.0,28.9,-5.55
2012-09-16,TX,22.7,19.0,9.3,0.0,0.0,28.56,-4.2
2012-09-17,TX,26.1,18.5,0.2,0.0,0.0,28.33,-4.45
2012-09-18,TX,26.8,19.3,0.2,0.0,0.0,28.18,-4.0
2012-09-19,TX,28.9,15.9,0.0,0.0,0.0,28.02,-5.55
2012-09-20,TX,32.6,17.9,0.0,0.0,0.0,28.04,-2.05
2012-09-21,TX,33.8,20.6,0.0,0.0,0.0,28.07,6.2
2012-09-22,TX,35.1,20.1,0.0,0.0,0.0,28.05,6.55
2012-09-23,TX,34.4,21.2,0.0,0.0,0.0,28.02,6.95
2012-09-24,TX,35.4,23.0,0.0,0.0,0.0,28.0,6.9
2012-09-25,TX,34.5,22.8,0.0,0.0,0.0,27.99,5.6
2012-09-26,TX,33.7,23.4,0.0,0.0,0.0,27.94,6.15
2012-09-27,TX,31.8,24.0,0.0,0.0,0.0,27.87,2.65
2012-09-28,TX,31.2,21.7,0.2,0.0,0.0,27.75,-0.75
2012-09-29,TX,24.6,20.7,32.5,0.0,0.0,27.47,-4.95
2012-09-30,TX,22.0,17.4,5.3,0.0,0.0,27.07,-8.1
2012-10-01,TX,27.4,16.4,0.0,0.0,0.0,26.74,-7.3
2012-10-02,TX,25.4,17.5,0.1,0.0,0.0,26.36,-7.2
2012-10-03,TX,27.5,15.8,0.0,0.0,0.0,26.0,-6.9
2012-10-04,TX,28.5,18.5,0.0,0.0,0.0,25.69,-4.4
2012-10-05,TX,28.8,16.4,0.1,0.0,0.0,25.34,-3.85
2012-10-06,TX,15.8,10.9,3.7,0.0,0.0,24.68,-9.3
2012-10-07,TX,13.0,9.7,0.6,0.0,0.0,23.94,-8.35
2012-10-08,TX,17.9,7.0,0.0,0.0,0.0,23.46,-9.45
2012-10-09,TX,26.0,11.6,0.0,0.0,0.0,23.26,-2.65
2012-10-10,TX,24.0,16.5,0.2,0.0,0.0,23.04,-1.4
2012-10-11,TX,28.5,19.1,1.0,0.0,0.0,22.93,0.3
2012-10-12,TX,28.3,20.9,0.6,0.0,0.0,22.82,2.0
2012-10-13,TX,28.5,21.2,39.7,0.0,0.0,22.74,11.5
2012-10-14,TX,26.5,18.8,13.4,0.0,0.0,22.79,11.3
2012-10-15,TX,26.5,14.7,0.0,0.0,0.0,22.78,8.15
2012-10-16,TX,22.5,16.5,0.0,0.0,0.0,22.73,0.7
2012-10-17,TX,29.5,17.3,0.0,0.0,0.0,22.77,3.15
2012-10-18,TX,22.5,12.9,0.0,0.0,0.0,22.59,-6.1
2012-10-19,TX,24.0,11.6,0.0,0.0,0.0,22.44,-6.8
2012-10-20,TX,28.5,14.5,0.0,0.0,0.0,22.31,-3.35
2012-10-21,TX,30.3,22.3,0.0,0.0,0.0,22.28,3.65
2012-10-22,TX,28.2,22.2,0.8,0.0,0.0,22.2,4.6
2012-10-23,TX,28.5,20.0,0.0,0.0,0.0,22.08,4.75
2012-10-24,TX,28.4,20.0,0.0,0.0,0.0,21.92,0.8
2012-10-25,TX,26.9,16.2,1.6,0.0,0.0,21.68,3.85
2012-10-26,TX,15.4,9.7,15.3,0.0,0.0,21.15,-5.25
2012-10-27,TX,13.7,5.6,0.0,0.0,0.0,20.54,-11.85
2012-10-28,TX,15.9,5.2,0.0,0.0,0.0,20.01,-15.75
2012-10-29,TX,17.9,5.3,0.0,0.0,0.0,19.64,-13.6
2012-10-30,TX,22.9,7.6,0.0,0.0,0.0,19.49,-9.0
2012-10-31,TX,25.4,12.7,0.0,0.0,0.0,19.4,-5.15
2012-11-01,TX,28.8,13.1,0.0,0.0,0.0,19.38,-0.6
2012-11-02,TX,29.0,16.3,0.0,0.0,0.0,19.42,10.1
2012-11-03,TX,27.2,17.3,3.6,0.0,0.0,19.37,12.6
2012-11-04,TX,22.5,13.8,0.6,0.0,0.0,19.23,7.6
2012-11-05,TX,23.5,12.6,0.0,0.0,0.0,19.38,6.45
2012-11-06,TX,21.5,9.2,0.0,0.0,0.0,19.51,0.1
2012-11-07,TX,22.2,10.6,0.0,0.0,0.0,19.65,-2.65
2012-11-08,TX,26.4,12.7,0.0,0.0,0.0,19.67,-1.4
2012-11-09,TX,26.9,17.8,0.0,0.0,0.0,19.74,-0.3
2012-11-10,TX,26.5,17.7,0.0,0.0,0.0,19.68,-0.15
2012-11-11,TX,25.4,13.1,4.2,0.0,0.0,19.51,1.1
2012-11-12,TX,12.7,5.4,0.0,0.0,0.0,18.98,-9.0
2012-11-13,TX,13.7,3.2,0.0,0.0,0.0,18.51,-6.9
2012-11-14,TX,15.5,6.8,0.0,0.0,0.0,18.19,-5.25
2012-11-15,TX,16.9,4.6,0.0,0.0,0.0,17.9,-8.8
2012-11-16,TX,17.1,4.4,0.0,0.0,0.0,17.48,-11.6
2012-11-17,TX,17.4,4.2,0.0,0.0,0.0,17.25,-11.3
2012-11-18,TX,19.4,7.6,0.0,0.0,0.0,17.1,-5.75
2012-11-19,TX,22.0,12.0,0.0,0.0,0.0,16.96,7.95
2012-11-20,TX,24.8,12.6,0.0,0.0,0.0,16.7,10.25
2012-11-21,TX,25.6,10.9,0.0,0.0,0.0,16.47,7.1
2012-11-22,TX,24.3,13.9,0.0,0.0,0.0,16.3,8.35
2012-11-23,TX,19.3,10.7,0.6,0.0,0.0,15.99,4.25
2012-11-24,TX,14.9,4.9,0.0,0.0,0.0,15.6,-0.9
2012-11-25,TX,22.9,9.1,0.0,0.0,0.0,15.72,2.5
2012-11-26,TX,23.8,10.7,0.0,0.0,0.0,15.97,0.25
2012-11-27,TX,12.4,7.9,0.0,0.0,0.0,15.96,-8.55
2012-11-28,TX,18.1,5.8,0.0,0.0,0.0,15.97,-6.3
2012-11-29,TX,19.6,7.6,0.0,0.0,0.0,15.92,-5.5
2012-11-30,TX,24.3,12.9,0.0,0.0,0.0,15.9,3.6
2012-12-01,TX,26.9,17.2,0.2,0.0,0.0,15.94,12.15
2012-12-02,TX,26.8,18.5,0.0,0.0,0.0,15.94,6.65
2012-12-03,TX,26.0,16.9,0.0,0.0,0.0,15.91,4.2
2012-12-04,TX,21.7,14.3,0.0,0.0,0.0,15.9,7.85
2012-12-05,TX,18.6,9.5,0.0,0.0,0.0,15.77,2.1
2012-12-06,TX,20.0,10.5,0.0,0.0,0.0,15.77,1.65
2012-12-07,TX,22.1,13.0,0.0,0.0,0.0,15.81,-1.05
2012-12-08,TX,20.5,13.4,0.0,0.0,0.0,15.72,-5.1
2012-12-09,TX,23.5,10.4,0.0,0.0,0.0,15.54,-5.7
2012-12-10,TX,9.7,1.3,0.0,0.0,0.0,14.99,-15.95
2012-12-11,TX,9.0,-0.8,0.0,0.0,0.0,14.48,-13.9
2012-12-12,TX,13.6,-0.6,0.0,0.0,0.0,14.4,-7.55
2012-12-13,TX,17.3,3.9,0.0,0.0,0.0,14.47,-4.65
2012-12-14,TX,16.7,9.6,3.1,0.0,0.0,14.54,-4.4
2012-12-15,TX,22.5,14.6,7.0,0.0,0.0,14.79,1.6
2012-12-16,TX,22.1,12.7,0.0,0.0,0.0,15.02,0.45
2012-12-17,TX,15.8,9.0,0.0,0.0,0.0,15.07,6.9
2012-12-18,TX,24.2,7.0,0.0,0.0,0.0,15.14,11.5
2012-12-19,TX,24.5,15.7,1.1,0.0,0.0,15.24,13.6
2012-12-20,TX,20.0,5.3,0.0,0.0,0.0,15.04,2.05
2012-12-21,TX,17.4,1.0,0.0,0.0,0.0,14.74,-3.95
2012-12-22,TX,18.6,4.1,0.0,0.0,0.0,14.48,-7.2
2012-12-23,TX,19.6,9.8,0.0,0.0,0.0,14.47,-2.7
2012-12-24,TX,12.4,3.4,0.0,0.0,0.0,14.4,-4.5
2012-12-25,TX,9.2,-1.3,49.9,8.26,6.0,14.0,-11.65
2012-12-26,TX,1.9,-4.2,0.0,0.0,6.0,13.39,-21.25
2012-12-27,TX,7.9,-7.2,0.7,0.0,6.0,13.06,-12.3
2012-12-28,TX,6.5,0.4,1.1,0.0,3.0,12.78,-5.75
2012-12-29,TX,7.3,-2.0,0.0,0.0,2.0,12.42,-8.7
2012-12-30,TX,8.5,-2.6,0.0,0.0,1.0,11.89,-11.75
2012-12-31,TX,10.5,5.0,5.6,0.0,1.0,11.42,-0.15
2013-01-01,TX,8.3,3.0,1.3,0.0,0.0,10.85,1.7
2013-01-02,TX,5.1,0.7,0.0,0.0,0.0,10.23,4.05
2013-01-03,TX,8.9,-1.9,0.0,0.0,0.0,9.75,3.15
2013-01-04,TX,9.3,2.7,0.9,0.0,0.0,9.48,2.55
2013-01-05,TX,11.4,2.7,0.1,0.0,0.0,9.21,4.4
2013-01-06,TX,12.5,1.2,0.0,0.0,0.0,8.85,3.9
2013-01-07,TX,12.1,-1.3,0.0,0.0,0.0,8.46,-2.35
2013-01-08,TX,9.2,6.6,21.5,0.0,0.0,8.16,2.25
2013-01-09,TX,13.4,9.3,48.7,0.0,0.0,8.36,8.45
2013-01-10,TX,14.7,10.6,2.3,0.0,0.0,8.64,9.15
2013-01-11,TX,21.0,8.7,0.0,0.0,0.0,8.92,8.85
2013-01-12,TX,19.1,4.8,7.8,0.0,0.0,8.97,4.9
2013-01-13,TX,6.2,0.8,1.7,0.0,0.0,8.65,-3.35
2013-01-14,TX,6.9,-1.6,0.2,0.14,0.0,8.12,-2.75
2013-01-15,TX,3.1,0.3,1.8,1.4,1.0,7.59,-6.2
2013-01-16,TX,8.0,-2.5,0.0,0.0,1.0,7.27,-8.6
2013-01-17,TX,14.1,-0.8,0.0,0.0,1.0,6.97,-6.0
2013-01-18,TX,14.9,0.5,0.0,0.0,0.0,6.56,-7.15
2013-01-19,TX,17.1,5.2,0.0,0.0,0.0,6.51,-0.8
2013-01-20,TX,18.3,3.5,0.0,0.0,0.0,6.56,7.4
2013-01-21,TX,12.5,5.4,0.0,0.0,0.0,6.48,6.3
2013-01-22,TX,17.0,4.8,0.0,0.0,0.0,6.36,9.2
2013-01-23,TX,21.6,10.5,0.0,0.0,0.0,6.63,13.3
2013-01-24,TX,23.7,12.0,0.0,0.0,0.0,7.09,11.2
2013-01-25,TX,17.6,9.6,4.0,0.0,0.0,7.58,5.9
2013-01-26,TX,12.4,9.3,2.0,0.0,0.0,7.94,-0.3
2013-01-27,TX,22.2,11.1,0.2,0.0,0.0,8.38,5.75
2013-01-28,TX,24.4,18.8,0.7,0.0,0.0,9.01,12.65
2013-01-29,TX,23.8,14.7,18.4,0.0,0.0,9.55,8.35
2013-01-30,TX,14.3,5.6,0.0,0.0,0.0,9.62,-6.1
2013-01-31,TX,18.5,2.8,0.0,0.0,0.0,9.79,-7.2
2013-02-01,TX,14.2,1.3,0.0,0.0,0.0,9.95,-5.85
2013-02-02,TX,17.9,8.5,0.0,0.0,0.0,10.28,2.35
2013-02-03,TX,19.0,3.6,0.0,0.0,0.0,10.45,-5.35
2013-02-04,TX,19.9,11.6,4.9,0.0,0.0,10.74,-5.85
2013-02-05,TX,17.7,11.6,0.9,0.0,0.0,11.0,-4.6
2013-02-06,TX,19.9,13.9,5.2,0.0,0.0,11.38,6.95
2013-02-07,TX,24.6,13.8,0.0,0.0,0.0,11.76,8.55
2013-02-08,TX,16.3,7.5,0.0,0.0,0.0,11.78,4.15
2013-02-09,TX,15.5,9.1,6.2,0.0,0.0,11.77,-0.9
2013-02-10,TX,18.9,9.1,16.9,0.0,0.0,11.74,2.7
2013-02-11,TX,13.1,8.1,1.6,0.0,0.0,11.69,-5.15
2013-02-12,TX,10.8,7.8,11.8,0.0,0.0,11.89,-5.35
2013-02-13,TX,12.7,4.1,0.0,0.0,0.0,12.08,-8.5
2013-02-14,TX,18.3,4.2,0.0,0.0,0.0,12.4,-7.95
2013-02-15,TX,10.4,4.6,2.6,0.0,0.0,12.56,-4.4
2013-02-16,TX,11.7,0.0,0.0,0.0,0.0,12.53,-6.45
2013-02-17,TX,19.9,5.4,0.0,0.0,0.0,12.7,-1.35
2013-02-18,TX,23.3,11.5,1.9,0.0,0.0,12.9,6.8
2013-02-19,TX,15.0,4.9,0.0,0.0,0.0,12.87,0.65
2013-02-20,TX,10.8,7.1,4.2,0.0,0.0,12.87,0.55
2013-02-21,TX,19.0,7.3,21.7,0.0,0.0,12.95,1.9
2013-02-22,TX,9.4,1.2,0.0,0.0,0.0,12.59,-2.2
2013-02-23,TX,11.0,0.2,0.0,0.0,0.0,12.18,-0.25
2013-02-24,TX,19.1,3.3,0.0,0.0,0.0,12.1,-1.45
2013-02-25,TX,14.4,5.1,9.5,0.0,0.0,12.06,-7.65
2013-02-26,TX,13.3,4.0,0.0,0.0,0.0,11.8,-1.3
2013-02-27,TX,12.9,3.0,0.0,0.0,0.0,11.34,-1.0
2013-02-28,TX,13.6,2.0,0.0,0.0,0.0,10.96,-5.35
2013-03-01,TX,11.5,1.1,0.3,0.0,0.0,10.84,1.0
2013-03-02,TX,11.3,1.4,0.0,0.0,0.0,10.69,0.75
2013-03-03,TX,20.3,3.0,0.0,0.0,0.0,10.82,0.45
2013-03-04,TX,28.6,13.2,0.0,0.0,0.0,11.08,11.15
2013-03-05,TX,18.6,7.0,0.0,0.0,0.0,11.13,4.15
2013-03-06,TX,14.6,2.0,0.0,0.0,0.0,10.88,0.35
2013-03-07,TX,20.7,5.2,0.0,0.0,0.0,10.83,5.15
2013-03-08,TX,15.5,10.2,2.7,0.0,0.0,10.69,6.55
2013-03-09,TX,20.8,13.5,25.9,0.0,0.0,10.62,10.8
2013-03-10,TX,16.8,6.8,33.8,0.0,0.0,10.62,0.15
2013-03-11,TX,13.8,2.1,0.0,0.0,0.0,10.48,-12.95
2013-03-12,TX,17.9,3.7,0.0,0.0,0.0,10.37,-2.0
2013-03-13,TX,18.9,4.8,0.0,0.0,0.0,10.41,3.55
2013-03-14,TX,23.3,9.0,0.0,0.0,0.0,10.64,3.2
2013-03-15,TX,25.5,12.1,0.0,0.0,0.0,10.98,5.95
2013-03-16,TX,26.8,13.9,0.0,0.0,0.0,11.29,3.2
2013-03-17,TX,22.4,15.1,1.3,0.0,0.0,11.66,6.95
2013-03-18,TX,19.6,12.7,0.0,0.0,0.0,12.01,8.2
2013-03-19,TX,20.0,8.5,0.0,0.0,0.0,12.06,3.45
2013-03-20,TX,18.4,8.3,0.0,0.0,0.0,11.92,1.5
2013-03-21,TX,20.1,10.7,3.3,0.0,0.0,12.11,-0.75
2013-03-22,TX,20.8,9.9,0.0,0.0,0.0,12.32,-3.45
2013-03-23,TX,12.2,8.6,6.4,0.0,0.0,12.23,-9.95
2013-03-24,TX,11.8,3.6,1.5,0.0,0.0,12.31,-11.05
2013-03-25,TX,11.6,0.7,0.0,0.0,0.0,12.33,-10.0
2013-03-26,TX,12.6,-0.3,0.0,0.0,0.0,12.16,-8.1
2013-03-27,TX,20.5,5.2,0.0,0.0,0.0,12.26,-0.5
2013-03-28,TX,20.6,10.7,0.1,0.0,0.0,12.5,0.25
2013-03-29,TX,23.5,14.4,0.0,0.0,0.0,12.86,3.6
2013-03-30,TX,23.8,15.6,6.9,0.0,0.0,13.26,9.3
2013-03-31,TX,22.1,15.1,16.5,0.0,0.0,13.67,10.9
2013-04-01,TX,24.9,11.2,0.0,0.0,0.0,14.06,11.9
2013-04-02,TX,22.0,14.1,14.7,0.0,0.0,14.27,11.9
2013-04-03,TX,13.5,8.0,13.5,0.0,0.0,13.93,-2.1
2013-04-04,TX,11.5,6.4,2.9,0.0,0.0,13.8,-6.7
2013-04-05,TX,19.0,4.8,0.0,0.0,0.0,13.92,-7.05
2013-04-06,TX,23.8,13.1,0.0,0.0,0.0,14.11,-1.25
2013-04-07,TX,23.0,14.3,0.0,0.0,0.0,14.3,0.05
2013-04-08,TX,24.5,16.9,0.0,0.0,0.0,14.42,2.65
2013-04-09,TX,26.9,20.1,0.1,0.0,0.0,14.81,5.45
2013-04-10,TX,22.8,5.7,9.6,0.0,0.0,15.02,3.5
2013-04-11,TX,15.0,5.7,0.4,0.0,0.0,15.0,1.4
2013-04-12,TX,23.0,6.6,0.0,0.0,0.0,15.1,2.9
2013-04-13,TX,25.2,11.2,0.0,0.0,0.0,15.17,-0.25
2013-04-14,TX,27.8,13.2,0.0,0.0,0.0,15.23,1.85
2013-04-15,TX,30.6,19.1,0.0,0.0,0.0,15.38,4.15
2013-04-16,TX,31.2,20.3,0.0,0.0,0.0,15.61,2.25
2013-04-17,TX,29.5,22.1,0.1,0.0,0.0,15.93,11.55
2013-04-18,TX,24.0,9.6,20.5,0.0,0.0,16.02,6.45
2013-04-19,TX,16.2,5.6,0.0,0.0,0.0,15.94,-3.9
2013-04-20,TX,21.0,7.7,0.0,0.0,0.0,15.9,-3.85
2013-04-21,TX,21.5,10.1,0.0,0.0,0.0,15.92,-4.7
2013-04-22,TX,25.7,12.3,0.0,0.0,0.0,16.2,-5.85
2013-04-23,TX,20.3,8.8,0.8,0.0,0.0,16.43,-11.2
2013-04-24,TX,15.5,4.0,7.0,0.0,0.0,16.55,-16.05
2013-04-25,TX,22.7,9.5,0.0,0.0,0.0,16.88,-0.7
2013-04-26,TX,25.0,15.9,1.1,0.0,0.0,17.14,9.55
2013-04-27,TX,22.7,16.2,0.1,0.0,0.0,17.26,5.1
2013-04-28,TX,26.9,11.9,0.0,0.0,0.0,17.28,3.6
2013-04-29,TX,29.3,16.5,0.0,0.0,0.0,17.38,3.9
2013-04-30,TX,27.0,16.8,0.2,0.0,0.0,17.5,7.35
2013-05-01,TX,26.8,18.2,0.0,0.0,0.0,17.64,12.75
2013-05-02,TX,20.7,7.6,1.2,0.0,0.0,17.51,-1.95
2013-05-03,TX,18.9,6.5,0.0,0.0,0.0,17.58,-7.75
2013-05-04,TX,22.5,6.6,0.0,0.0,0.0,17.76,-4.9
2013-05-05,TX,19.8,9.6,0.0,0.0,0.0,17.86,-4.7
2013-05-06,TX,24.4,9.1,0.0,0.0,0.0,17.8,-6.15
2013-05-07,TX,28.4,12.5,0.0,0.0,0.0,17.86,-1.45
2013-05-08,TX,28.6,16.9,0.4,0.0,0.0,17.93,0.25
2013-05-09,TX,24.6,18.5,8.5,0.0,0.0,17.87,7.4
2013-05-10,TX,26.6,18.1,0.2,0.0,0.0,18.13,9.65
2013-05-11,TX,26.3,15.7,0.0,0.0,0.0,18.49,6.45
2013-05-12,TX,25.4,15.1,0.0,0.0,0.0,18.67,5.55
2013-05-13,TX,29.8,14.5,0.0,0.0,0.0,18.8,5.4
2013-05-14,TX,29.9,17.7,0.0,0.0,0.0,18.91,3.35
2013-05-15,TX,23.4,18.5,31.5,0.0,0.0,18.78,-1.8
2013-05-16,TX,27.5,19.8,31.9,0.0,0.0,18.71,2.1
2013-05-17,TX,31.5,21.0,0.2,0.0,0.0,18.73,3.9
2013-05-18,TX,32.4,22.8,0.0,0.0,0.0,19.09,6.6
2013-05-19,TX,31.0,22.1,0.0,0.0,0.0,19.61,6.3
2013-05-20,TX,30.6,22.6,0.0,0.0,0.0,20.02,4.45
2013-05-21,TX,27.2,19.1,55.1,0.0,0.0,20.26,-0.65
2013-05-22,TX,28.1,14.7,0.0,0.0,0.0,20.34,0.45
2013-05-23,TX,29.5,20.1,0.0,0.0,0.0,20.68,1.15
2013-05-24,TX,27.9,21.9,7.1,0.0,0.0,21.19,-1.35
2013-05-25,TX,28.9,20.5,0.8,0.0,0.0,21.48,-2.9
2013-05-26,TX,29.8,21.6,1.0,0.0,0.0,21.65,-0.85
2013-05-27,TX,29.1,21.1,0.0,0.0,0.0,21.84,-1.5
2013-05-28,TX,29.1,21.9,0.0,0.0,0.0,22.04,2.35
2013-05-29,TX,27.8,22.6,2.1,0.0,0.0,22.12,3.8
2013-05-30,TX,30.2,22.7,1.4,0.0,0.0,22.27,1.65
2013-05-31,TX,30.8,23.6,0.0,0.0,0.0,22.43,2.3
2013-06-01,TX,29.2,22.9,13.5,0.0,0.0,22.82,1.35
2013-06-02,TX,27.0,18.7,1.2,0.0,0.0,23.16,-2.85
2013-06-03,TX,29.8,16.7,0.0,0.0,0.0,23.45,-1.85
2013-06-04,TX,32.0,20.9,0.0,0.0,0.0,23.84,0.95
2013-06-05,TX,32.2,22.8,0.0,0.0,0.0,24.2,2.3
2013-06-06,TX,26.1,21.5,26.1,0.0,0.0,24.32,-2.65
2013-06-07,TX,27.3,17.7,0.0,0.0,0.0,24.31,-4.7
2013-06-08,TX,29.8,17.1,0.0,0.0,0.0,24.37,-2.6
2013-06-09,TX,29.8,21.8,0.6,0.0,0.0,24.49,2.95
2013-06-10,TX,34.6,21.7,0.0,0.0,0.0,24.72,4.9
2013-06-11,TX,32.5,23.2,0.0,0.0,0.0,24.98,1.4
2013-06-12,TX,34.3,24.4,0.0,0.0,0.0,25.22,1.85
2013-06-13,TX,35.2,25.0,0.0,0.0,0.0,25.43,6.3
2013-06-14,TX,34.1,24.9,0.0,0.0,0.0,25.71,7.0
2013-06-15,TX,32.1,25.0,13.0,0.0,0.0,25.88,5.1
2013-06-16,TX,34.2,25.1,0.0,0.0,0.0,25.99,3.85
2013-06-17,TX,33.4,25.5,7.4,0.0,0.0,26.05,1.3
2013-06-18,TX,28.0,23.3,2.4,0.0,0.0,26.02,-2.2
2013-06-19,TX,31.8,21.4,0.0,0.0,0.0,26.02,-2.75
2013-06-20,TX,33.9,24.3,0.0,0.0,0.0,26.22,-1.0
2013-06-21,TX,34.5,24.6,0.0,0.0,0.0,26.49,0.05
2013-06-22,TX,34.5,24.8,0.0,0.0,0.0,26.65,1.1
2013-06-23,TX,34.6,25.4,0.0,0.0,0.0,26.82,0.35
2013-06-24,TX,33.5,25.4,0.0,0.0,0.0,26.98,0.0
2013-06-25,TX,36.4,25.4,0.0,0.0,0.0,27.15,5.25
2013-06-26,TX,36.1,25.4,0.0,0.0,0.0,27.34,4.15
2013-06-27,TX,36.7,26.7,0.0,0.0,0.0,27.55,2.6
2013-06-28,TX,36.6,27.3,0.3,0.0,0.0,27.77,2.4
2013-06-29,TX,36.2,23.9,0.0,0.0,0.0,27.89,0.4
2013-06-30,TX,31.9,24.2,0.0,0.0,0.0,27.92,-1.95
2013-07-01,TX,29.8,21.7,0.0,0.0,0.0,27.91,-3.7
2013-07-02,TX,30.2,20.0,0.0,0.0,0.0,27.99,-5.8
2013-07-03,TX,31.6,18.7,0.0,0.0,0.0,28.05,-5.6
2013-07-04,TX,33.4,22.4,0.0,0.0,0.0,28.1,-3.8
2013-07-05,TX,34.4,22.7,0.0,0.0,0.0,28.13,-3.4
2013-07-06,TX,34.7,24.0,0.0,0.0,0.0,28.32,-0.7
2013-07-07,TX,35.0,24.6,0.0,0.0,0.0,28.56,1.75
2013-07-08,TX,34.5,25.7,0.0,0.0,0.0,28.78,4.35
2013-07-09,TX,36.9,26.4,0.0,0.0,0.0,28.98,6.55
2013-07-10,TX,36.9,27.2,0.0,0.0,0.0,29.11,6.9
2013-07-11,TX,38.1,27.9,0.0,0.0,0.0,29.28,5.1
2013-07-12,TX,36.9,25.9,0.0,0.0,0.0,29.35,2.85
2013-07-13,TX,36.1,27.1,0.0,0.0,0.0,29.4,2.25
2013-07-14,TX,30.2,21.1,5.3,0.0,0.0,29.27,-4.15
2013-07-15,TX,23.8,20.8,16.8,0.0,0.0,29.06,-7.8
2013-07-16,TX,29.7,22.4,4.5,0.0,0.0,28.94,-5.6
2013-07-17,TX,30.2,22.8,13.2,0.0,0.0,28.84,-5.55
2013-07-18,TX,32.1,22.6,0.0,0.0,0.0,28.9,-5.65
2013-07-19,TX,33.3,23.4,3.4,0.0,0.0,28.96,-3.05
2013-07-20,TX,32.6,23.3,3.3,0.0,0.0,28.92,-3.65
2013-07-21,TX,33.4,23.8,0.4,0.0,0.0,28.89,2.95
2013-07-22,TX,34.6,25.4,0.0,0.0,0.0,28.9,7.7
2013-07-23,TX,34.3,25.7,0.2,0.0,0.0,28.9,3.95
2013-07-24,TX,35.0,25.9,0.6,0.0,0.0,28.93,3.95
2013-07-25,TX,33.0,23.8,0.6,0.0,0.0,28.85,1.05
2013-07-26,TX,35.4,26.9,1.2,0.0,0.0,28.86,2.8
2013-07-27,TX,31.5,22.5,0.0,0.0,0.0,28.71,-0.95
2013-07-28,TX,32.5,20.9,0.0,0.0,0.0,28.53,-1.9
2013-07-29,TX,34.5,25.2,0.0,0.0,0.0,28.52,-0.15
2013-07-30,TX,36.0,25.5,0.0,0.0,0.0,28.62,0.75
2013-07-31,TX,37.3,26.8,0.0,0.0,0.0,28.82,1.6
2013-08-01,TX,37.2,27.0,0.0,0.0,0.0,29.06,3.7
2013-08-02,TX,38.0,27.8,0.0,0.0,0.0,29.32,1.75
2013-08-03,TX,36.4,27.8,0.2,0.0,0.0,29.46,5.1
2013-08-04,TX,36.6,27.4,0.0,0.0,0.0,29.57,5.3
2013-08-05,TX,37.7,27.8,0.0,0.0,0.0,29.68,2.9
2013-08-06,TX,38.4,27.3,0.0,0.0,0.0,29.79,2.1
2013-08-07,TX,39.2,27.3,0.0,0.0,0.0,29.89,1.2
2013-08-08,TX,37.8,27.3,0.0,0.0,0.0,29.92,0.45
2013-08-09,TX,37.4,27.5,0.0,0.0,0.0,29.94,-0.45
2013-08-10,TX,35.6,26.1,0.2,0.0,0.0,29.86,-1.25
2013-08-11,TX,36.9,26.6,0.2,0.0,0.0,29.88,-0.25
2013-08-12,TX,36.2,27.4,0.0,0.0,0.0,29.88,-0.95
2013-08-13,TX,36.5,28.5,0.4,0.0,0.0,30.11,-0.35
2013-08-14,TX,30.8,24.5,12.7,0.0,0.0,30.29,-5.6
2013-08-15,TX,30.3,23.4,0.0,0.0,0.0,30.32,-5.7
2013-08-16,TX,30.1,22.9,0.0,0.0,0.0,30.32,-5.95
2013-08-17,TX,31.3,20.8,0.0,0.0,0.0,30.27,-4.8
2013-08-18,TX,32.3,21.0,0.0,0.0,0.0,30.21,-5.1
2013-08-19,TX,34.0,22.0,0.0,0.0,0.0,30.22,-3.8
2013-08-20,TX,34.4,23.6,0.0,0.0,0.0,30.23,-3.5
2013-08-21,TX,33.7,24.6,0.0,0.0,0.0,30.2,1.5
2013-08-22,TX,35.3,25.1,0.0,0.0,0.0,30.21,3.35
2013-08-23,TX,36.5,25.7,0.0,0.0,0.0,30.23,4.6
2013-08-24,TX,36.6,27.1,0.0,0.0,0.0,30.35,5.8
2013-08-25,TX,35.6,26.6,0.2,0.0,0.0,30.34,4.45
2013-08-26,TX,35.6,25.9,0.0,0.0,0.0,30.47,2.75
2013-08-27,TX,33.9,24.3,0.0,0.0,0.0,30.55,0.1
2013-08-28,TX,35.6,24.2,0.0,0.0,0.0,30.55,0.75
2013-08-29,TX,37.3,25.5,0.0,0.0,0.0,30.57,1.2
2013-08-30,TX,38.2,26.9,0.0,0.0,0.0,30.59,1.45
2013-08-31,TX,39.0,27.1,0.0,0.0,0.0,30.62,1.2
2013-09-01,TX,38.4,28.5,0.0,0.0,0.0,30.64,2.35
2013-09-02,TX,32.6,25.9,1.4,0.0,0.0,30.54,-1.5
2013-09-03,TX,36.2,25.4,0.0,0.0,0.0,30.5,1.7
2013-09-04,TX,36.9,25.0,0.0,0.0,0.0,30.44,1.05
2013-09-05,TX,36.2,25.9,0.0,0.0,0.0,30.38,-0.35
2013-09-06,TX,36.3,26.4,0.0,0.0,0.0,30.32,-1.2
2013-09-07,TX,36.4,26.5,0.0,0.0,0.0,30.28,-1.6
2013-09-08,TX,35.4,24.4,0.0,0.0,0.0,30.2,-3.55
2013-09-09,TX,34.9,24.8,0.0,0.0,0.0,30.17,0.6
2013-09-10,TX,34.4,24.8,0.0,0.0,0.0,30.09,-1.2
2013-09-11,TX,34.8,24.7,0.0,0.0,0.0,30.02,-1.2
2013-09-12,TX,34.7,24.4,0.0,0.0,0.0,29.93,-1.5
2013-09-13,TX,35.3,26.4,0.0,0.0,0.0,30.03,-0.5
2013-09-14,TX,33.6,25.7,0.1,0.0,0.0,30.13,-1.8
2013-09-15,TX,34.0,25.0,0.0,0.0,0.0,30.23,-0.4
2013-09-16,TX,34.7,25.7,0.0,0.0,0.0,30.36,0.35
2013-09-17,TX,33.8,25.5,0.0,0.0,0.0,30.46,0.05
2013-09-18,TX,35.1,27.2,0.0,0.0,0.0,30.57,1.4
2013-09-19,TX,31.3,23.9,2.1,0.0,0.0,30.52,-1.95
2013-09-20,TX,24.3,21.5,50.9,0.0,0.0,30.32,-7.95
2013-09-21,TX,26.8,18.1,0.0,0.0,0.0,30.06,-7.2
2013-09-22,TX,26.5,15.1,0.0,0.0,0.0,29.71,-8.7
2013-09-23,TX,27.8,16.1,0.0,0.0,0.0,29.38,-8.25
2013-09-24,TX,31.9,18.4,0.0,0.0,0.0,29.18,-4.5
2013-09-25,TX,32.2,18.5,0.0,0.0,0.0,29.01,-5.8
2013-09-26,TX,33.5,20.8,0.0,0.0,0.0,28.94,-0.45
2013-09-27,TX,31.1,22.7,0.4,0.0,0.0,28.84,4.0
2013-09-28,TX,27.9,19.7,24.0,0.0,0.0,28.59,1.35
2013-09-29,TX,26.2,18.5,0.4,0.0,0.0,28.25,1.55
2013-09-30,TX,28.6,18.1,0.0,0.0,0.0,27.92,1.4
2013-10-01,TX,30.0,19.8,0.0,0.0,0.0,27.64,-0.25
2013-10-02,TX,29.8,22.9,0.2,0.0,0.0,27.54,1.0
2013-10-03,TX,31.7,23.0,0.0,0.0,0.0,27.43,0.2
2013-10-04,TX,30.6,22.5,0.0,0.0,0.0,27.28,-0.35
2013-10-05,TX,25.9,13.8,6.5,0.0,0.0,26.91,-3.95
2013-10-06,TX,22.5,12.1,0.0,0.0,0.0,26.44,-5.05
2013-10-07,TX,26.1,11.1,0.0,0.0,0.0,26.01,-4.75
2013-10-08,TX,26.4,11.9,0.0,0.0,0.0,25.65,-5.75
2013-10-09,TX,27.6,14.3,0.0,0.0,0.0,25.36,-5.4
2013-10-10,TX,28.2,16.2,0.0,0.0,0.0,25.11,-5.15
2013-10-11,TX,29.1,20.0,0.0,0.0,0.0,24.94,-2.0
2013-10-12,TX,32.0,22.3,0.0,0.0,0.0,24.86,7.3
2013-10-13,TX,26.1,22.0,0.3,0.0,0.0,24.63,6.75
2013-10-14,TX,22.7,21.0,19.6,0.0,0.0,24.37,3.25
2013-10-15,TX,22.9,13.7,28.5,0.0,0.0,24.0,-0.85
2013-10-16,TX,17.1,12.3,11.7,0.0,0.0,23.48,-6.25
2013-10-17,TX,20.3,9.5,0.0,0.0,0.0,22.99,-7.3
2013-10-18,TX,20.6,11.7,0.9,0.0,0.0,22.49,-8.4
2013-10-19,TX,16.6,7.5,0.0,0.0,0.0,21.97,-15.1
2013-10-20,TX,20.5,7.4,0.0,0.0,0.0,21.67,-10.1
2013-10-21,TX,22.8,11.8,1.3,0.0,0.0,21.5,-4.55
2013-10-22,TX,22.6,8.2,0.0,0.0,0.0,21.32,-2.9
2013-10-23,TX,25.9,10.3,0.0,0.0,0.0,21.19,3.4
2013-10-24,TX,24.9,13.5,0.0,0.0,0.0,20.99,4.3
2013-10-25,TX,19.7,11.6,0.0,0.0,0.0,20.67,-0.5
2013-10-26,TX,23.8,13.6,14.4,0.0,0.0,20.39,6.65
2013-10-27,TX,19.7,14.3,1.5,0.0,0.0,20.06,3.05
2013-10-28,TX,23.6,14.3,0.0,0.0,0.0,19.9,1.65
2013-10-29,TX,24.9,20.0,0.0,0.0,0.0,19.9,7.05
2013-10-30,TX,22.5,20.2,10.3,0.0,0.0,19.83,3.25
2013-10-31,TX,23.4,13.8,0.2,0.0,0.0,19.62,-0.6
2013-11-01,TX,22.8,11.2,0.0,0.0,0.0,19.31,1.35
2013-11-02,TX,18.3,11.0,0.0,0.0,0.0,18.89,-4.05
2013-11-03,TX,18.0,8.0,0.0,0.0,0.0,18.44,-4.0
2013-11-04,TX,15.6,13.4,6.7,0.0,0.0,18.26,-4.45
2013-11-05,TX,20.9,15.4,18.2,0.0,0.0,18.29,-4.3
2013-11-06,TX,19.1,9.5,10.3,0.0,0.0,18.14,-7.05
2013-11-07,TX,16.1,5.5,0.0,0.0,0.0,17.86,-7.8
2013-11-08,TX,18.0,7.8,0.0,0.0,0.0,17.6,-4.1
2013-11-09,TX,19.7,13.0,0.0,0.0,0.0,17.4,1.7
2013-11-10,TX,18.4,10.3,0.0,0.0,0.0,17.06,1.35
2013-11-11,TX,21.4,9.3,0.0,0.0,0.0,16.67,0.85
2013-11-12,TX,14.9,4.8,0.0,0.0,0.0,16.19,-8.3
2013-11-13,TX,9.5,0.7,0.0,0.0,0.0,15.64,-9.2
2013-11-14,TX,14.1,1.8,0.1,0.0,0.0,15.29,-2.85
2013-11-15,TX,20.7,9.7,0.0,0.0,0.0,15.31,2.3
2013-11-16,TX,24.7,15.7,0.0,0.0,0.0,15.48,3.85
2013-11-17,TX,28.8,19.2,0.0,0.0,0.0,15.74,9.65
2013-11-18,TX,21.3,14.1,0.0,0.0,0.0,15.93,2.35
2013-11-19,TX,19.1,12.1,0.0,0.0,0.0,15.99,5.75
2013-11-20,TX,18.6,11.1,0.0,0.0,0.0,15.91,9.75
2013-11-21,TX,21.5,16.0,15.9,0.0,0.0,16.02,10.8
2013-11-22,TX,18.2,2.2,13.9,0.0,0.0,15.76,-5.0
2013-11-23,TX,6.2,2.9,0.6,0.0,0.0,15.27,-15.65
2013-11-24,TX,5.9,1.2,2.4,0.0,0.0,14.86,-20.45
2013-11-25,TX,3.2,1.4,8.7,0.0,0.0,14.32,-15.4
2013-11-26,TX,10.2,2.4,0.2,0.0,0.0,13.96,-9.3
2013-11-27,TX,6.6,-0.6,0.0,0.0,0.0,13.43,-11.85
2013-11-28,TX,10.5,-0.3,0.0,0.0,0.0,12.85,-13.65
2013-11-29,TX,13.1,-0.8,0.0,0.0,0.0,12.34,-4.05
2013-11-30,TX,18.3,5.4,0.0,0.0,0.0,12.12,7.3
2013-12-01,TX,20.7,11.5,0.0,0.0,0.0,12.09,12.55
2013-12-02,TX,17.4,7.1,0.0,0.0,0.0,12.01,9.95
2013-12-03,TX,23.2,7.5,0.0,0.0,0.0,12.09,9.05
2013-12-04,TX,24.2,13.3,0.0,0.0,0.0,12.23,15.75
2013-12-05,TX,14.5,-1.2,4.2,0.0,0.0,11.84,1.55
2013-12-06,TX,-0.3,-2.5,18.2,0.42,0.0,11.32,-7.55
2013-12-07,TX,-0.7,-5.0,0.0,0.0,0.0,10.87,-14.7
2013-12-08,TX,4.8,-2.5,0.0,0.0,0.0,10.48,-14.95
2013-12-09,TX,2.1,-2.3,0.0,0.0,0.0,9.93,-12.35
2013-12-10,TX,2.8,-5.1,0.0,0.0,0.0,9.41,-16.5
2013-12-11,TX,7.5,-3.2,0.0,0.0,0.0,8.97,-16.6
2013-12-12,TX,7.6,-3.5,0.0,0.0,0.0,8.71,-4.6
2013-12-13,TX,7.4,3.1,6.6,0.0,0.0,8.72,6.65
2013-12-14,TX,7.2,1.7,0.0,0.0,0.0,8.6,7.3
2013-12-15,TX,14.1,-2.0,0.0,0.0,0.0,8.29,4.9
2013-12-16,TX,16.5,3.3,0.0,0.0,0.0,7.95,10.0
2013-12-17,TX,18.2,2.5,0.0,0.0,0.0,7.5,11.5
2013-12-18,TX,19.0,2.8,0.0,0.0,0.0,7.27,8.75
2013-12-19,TX,21.5,11.8,0.0,0.0,0.0,7.3,14.6
2013-12-20,TX,20.6,8.6,3.5,0.0,0.0,7.3,9.35
2013-12-21,TX,12.3,3.0,29.0,0.0,0.0,6.93,3.2
2013-12-22,TX,8.6,0.5,0.0,0.0,0.0,6.74,-1.5
2013-12-23,TX,6.9,-3.3,0.0,0.0,0.0,6.64,-8.1
2013-12-24,TX,10.3,-2.9,0.0,0.0,0.0,6.65,-6.65
2013-12-25,TX,13.2,1.5,0.0,0.0,0.0,6.82,-3.55
2013-12-26,TX,10.7,-0.5,0.0,0.0,0.0,6.78,-11.55
2013-12-27,TX,12.7,0.7,0.1,0.0,0.0,6.9,-7.9
2013-12-28,TX,14.7,1.8,0.0,0.0,0.0,7.01,0.6
2013-12-29,TX,12.0,0.4,0.0,0.0,0.0,7.01,1.65
2013-12-30,TX,5.4,-0.1,0.0,0.0,0.0,6.7,0.85
2013-12-31,TX,10.3,-1.8,0.0,0.0,0.0,6.31,0.55
2014-01-01,TX,18.3,2.4,0.0,0.0,0.0,6.24,3.0
2014-01-02,TX,6.0,-2.3,0.0,0.0,0.0,5.79,-3.25
2014-01-03,TX,9.4,-2.8,0.0,0.0,0.0,5.28,-3.4
2014-01-04,TX,18.5,5.3,0.0,0.0,0.0,5.45,3.65
2014-01-05,TX,13.6,-2.8,0.0,0.0,0.0,5.68,-0.8
2014-01-06,TX,-0.8,-7.2,0.0,0.0,0.0,5.64,-6.65
2014-01-07,TX,6.7,-5.2,0.0,0.0,0.0,5.63,-3.5
2014-01-08,TX,8.3,-0.1,3.6,0.0,0.0,5.77,-6.25
2014-01-09,TX,12.2,7.8,2.9,0.0,0.0,6.14,8.15
2014-01-10,TX,18.5,8.3,16.6,0.0,0.0,6.52,10.1
2014-01-11,TX,18.2,4.0,0.0,0.0,0.0,6.82,-0.8
2014-01-12,TX,20.1,6.3,0.0,0.0,0.0,7.08,7.8
2014-01-13,TX,15.8,6.9,0.0,0.0,0.0,7.31,15.35
2014-01-14,TX,16.4,2.8,0.0,0.0,0.0,7.43,8.85
2014-01-15,TX,12.3,2.0,0.0,0.0,0.0,7.34,3.05
2014-01-16,TX,16.8,4.8,0.0,0.0,0.0,7.35,0.8
2014-01-17,TX,11.1,4.0,0.1,0.0,0.0,7.24,-5.85
2014-01-18,TX,18.4,4.0,0.0,0.0,0.0,7.06,0.1
2014-01-19,TX,16.2,1.4,0.0,0.0,0.0,6.87,-4.4
2014-01-20,TX,21.3,7.9,0.0,0.0,0.0,7.1,3.25
2014-01-21,TX,11.4,2.5,0.0,0.0,0.0,7.18,-2.65
2014-01-22,TX,14.3,1.0,0.0,0.0,0.0,7.37,0.5
2014-01-23,TX,6.2,-2.4,0.0,0.21,0.0,7.31,-8.9
2014-01-24,TX,4.4,-5.0,0.0,0.0,0.0,7.06,-7.85
2014-01-25,TX,17.0,0.4,0.0,0.0,0.0,7.18,-2.5
2014-01-26,TX,21.7,7.0,0.0,0.0,0.0,7.43,5.55
2014-01-27,TX,8.6,-1.8,0.0,0.0,0.0,7.27,-11.2
2014-01-28,TX,2.1,-4.2,0.0,0.0,0.0,7.03,-8.0
2014-01-29,TX,6.2,-5.6,0.0,0.0,0.0,6.95,-7.35
2014-01-30,TX,14.4,-0.6,0.0,0.0,0.0,7.04,5.0
2014-01-31,TX,22.1,9.9,0.0,0.0,0.0,7.23,16.3
2014-02-01,TX,19.0,6.5,2.4,0.0,0.0,7.59,4.05
2014-02-02,TX,6.1,0.2,6.6,0.14,0.0,7.59,-11.2
2014-02-03,TX,6.7,-0.4,0.0,0.0,0.0,7.3,-0.25
2014-02-04,TX,9.0,4.0,5.3,0.0,0.0,7.33,7.55
2014-02-05,TX,3.0,-3.3,0.0,0.0,0.0,7.46,-0.45
2014-02-06,TX,-2.9,-6.4,0.0,0.28,0.0,7.28,-11.55
2014-02-07,TX,0.7,-3.9,0.6,0.56,1.0,7.09,-17.6
2014-02-08,TX,11.7,-3.4,0.0,0.0,1.0,6.9,-8.6
2014-02-09,TX,9.8,-0.5,0.0,0.0,0.0,6.6,1.5
2014-02-10,TX,4.1,0.2,0.8,0.14,0.0,6.31,-1.0
2014-02-11,TX,1.8,-0.8,2.4,0.56,1.0,5.88,-6.0
2014-02-12,TX,8.9,-1.0,0.0,0.0,1.0,5.64,4.1
2014-02-13,TX,17.5,-2.4,0.0,0.0,0.0,5.57,12.2
2014-02-14,TX,19.6,6.9,0.0,0.0,0.0,5.77,14.85
2014-02-15,TX,19.3,2.4,0.0,0.0,0.0,5.77,6.7
2014-02-16,TX,21.0,6.6,0.0,0.0,0.0,5.98,9.15
2014-02-17,TX,21.9,11.4,0.0,0.0,0.0,6.16,14.5
2014-02-18,TX,26.2,6.5,0.0,0.0,0.0,6.41,15.85
2014-02-19,TX,21.1,15.1,0.1,0.0,0.0,6.53,14.15
2014-02-20,TX,23.2,9.6,0.0,0.0,0.0,6.85,8.85
2014-02-21,TX,18.5,2.6,0.0,0.0,0.0,6.94,-2.7
2014-02-22,TX,23.0,9.2,0.0,0.0,0.0,7.42,5.25
2014-02-23,TX,21.6,11.4,0.0,0.0,0.0,7.98,2.7
2014-02-24,TX,12.7,8.0,1.4,0.0,0.0,8.03,-6.3
2014-02-25,TX,11.5,6.8,1.7,0.0,0.0,7.86,-7.2
2014-02-26,TX,6.1,0.6,2.7,0.0,0.0,7.86,-14.75
2014-02-27,TX,12.2,-0.7,0.0,0.0,0.0,8.08,-10.65
2014-02-28,TX,27.2,6.0,0.0,0.0,0.0,8.62,6.05
2014-03-01,TX,26.6,9.7,0.0,0.0,0.0,9.0,2.05
2014-03-02,TX,20.2,-5.1,12.5,0.14,0.0,8.72,-8.95
2014-03-03,TX,0.9,-7.4,0.0,0.0,0.0,8.18,-13.6
2014-03-04,TX,8.4,-2.4,0.0,0.0,0.0,8.18,-6.15
2014-03-05,TX,11.8,-0.3,0.0,0.0,0.0,8.27,2.4
2014-03-06,TX,11.6,3.0,0.5,0.0,0.0,8.29,1.55
2014-03-07,TX,18.1,3.0,0.0,0.0,0.0,8.65,-6.05
2014-03-08,TX,16.0,5.3,7.2,0.0,0.0,9.16,-7.5
2014-03-09,TX,15.1,3.6,0.0,0.0,0.0,9.52,1.8
2014-03-10,TX,23.6,6.0,0.0,0.0,0.0,9.88,18.05
2014-03-11,TX,26.9,12.8,0.0,0.0,0.0,10.39,16.85
2014-03-12,TX,15.4,7.1,0.0,0.0,0.0,10.69,5.5
2014-03-13,TX,19.5,2.1,0.0,0.0,0.0,11.03,3.5
2014-03-14,TX,21.3,8.9,0.2,0.0,0.0,11.4,4.55
2014-03-15,TX,18.5,13.9,23.0,0.0,0.0,11.69,5.55
2014-03-16,TX,14.4,6.0,3.3,0.0,0.0,11.59,0.85
2014-03-17,TX,15.1,3.0,0.0,0.0,0.0,11.53,-5.75
2014-03-18,TX,25.8,9.4,0.0,0.0,0.0,11.66,-2.25
2014-03-19,TX,17.2,7.4,0.0,0.0,0.0,11.51,1.05
2014-03-20,TX,21.2,4.2,0.0,0.0,0.0,11.39,1.9
2014-03-21,TX,27.3,11.4,0.0,0.0,0.0,11.43,4.25
2014-03-22,TX,18.9,11.2,4.7,0.0,0.0,11.39,-1.15
2014-03-23,TX,14.5,9.2,3.9,0.0,0.0,11.43,1.65
2014-03-24,TX,17.8,4.8,0.0,0.0,0.0,11.27,2.25
2014-03-25,TX,16.3,5.3,0.0,0.0,0.0,11.08,-6.8
2014-03-26,TX,16.4,6.8,1.5,0.0,0.0,11.12,-0.7
2014-03-27,TX,25.5,14.0,1.1,0.0,0.0,11.48,7.05
2014-03-28,TX,26.1,12.8,2.9,0.0,0.0,12.01,0.1
2014-03-29,TX,22.0,8.3,0.0,0.0,0.0,12.33,0.1
2014-03-30,TX,25.0,9.5,0.0,0.0,0.0,12.35,5.4
2014-03-31,TX,26.0,13.0,0.1,0.0,0.0,12.39,8.2
2014-04-01,TX,28.0,15.9,0.0,0.0,0.0,12.87,11.15
2014-04-02,TX,28.3,20.8,1.8,0.0,0.0,13.8,12.95
2014-04-03,TX,28.5,21.6,1.9,0.0,0.0,14.54,5.3
2014-04-04,TX,22.7,9.4,0.0,0.0,0.0,14.88,-3.4
2014-04-05,TX,15.9,10.1,1.0,0.0,0.0,15.07,-2.15
2014-04-06,TX,11.4,9.0,16.8,0.0,0.0,15.06,-7.05
2014-04-07,TX,18.4,9.0,0.3,0.0,0.0,15.16,-5.8
2014-04-08,TX,20.9,10.8,0.0,0.0,0.0,15.38,-6.1
2014-04-09,TX,25.6,7.5,0.0,0.0,0.0,15.43,-8.0
2014-04-10,TX,28.6,15.3,0.0,0.0,0.0,15.5,-3.1
2014-04-11,TX,28.1,15.9,0.0,0.0,0.0,15.86,5.95
2014-04-12,TX,28.7,17.0,0.0,0.0,0.0,16.26,9.85
2014-04-13,TX,25.5,19.2,3.8,0.0,0.0,16.51,12.15
2014-04-14,TX,22.0,8.8,6.6,0.0,0.0,16.48,1.7
2014-04-15,TX,16.5,4.0,0.0,0.0,0.0,16.48,-5.6
2014-04-16,TX,19.2,7.2,0.0,0.0,0.0,16.62,-3.35
2014-04-17,TX,18.6,9.6,0.5,0.0,0.0,16.5,-7.85
2014-04-18,TX,23.2,12.5,0.2,0.0,0.0,16.69,-4.15
2014-04-19,TX,24.5,12.0,0.0,0.0,0.0,16.87,-4.6
2014-04-20,TX,25.0,15.5,4.0,0.0,0.0,16.9,-2.1
2014-04-21,TX,27.5,15.8,1.2,0.0,0.0,17.12,6.25
2014-04-22,TX,27.9,15.1,0.0,0.0,0.0,17.44,11.25
2014-04-23,TX,30.1,14.9,0.0,0.0,0.0,17.82,9.3
2014-04-24,TX,28.6,19.1,2.0,0.0,0.0,18.25,9.75
2014-04-25,TX,28.6,13.0,0.0,0.0,0.0,18.56,2.95
2014-04-26,TX,29.4,17.9,0.0,0.0,0.0,18.69,5.4
2014-04-27,TX,33.0,22.2,2.4,0.0,0.0,18.96,7.35
2014-04-28,TX,28.9,17.9,0.0,0.0,0.0,19.24,1.75
2014-04-29,TX,25.0,16.5,0.0,0.0,0.0,19.35,-0.75
2014-04-30,TX,19.5,11.8,0.0,0.0,0.0,19.22,-6.85
2014-05-01,TX,23.3,8.5,0.0,0.0,0.0,19.02,-7.95
2014-05-02,TX,26.9,11.5,0.0,0.0,0.0,18.84,-1.6
2014-05-03,TX,30.9,11.4,0.0,0.0,0.0,18.71,-2.5
2014-05-04,TX,34.0,18.8,0.0,0.0,0.0,19.06,-1.2
2014-05-05,TX,32.9,17.6,0.0,0.0,0.0,19.47,1.85
2014-05-06,TX,31.9,18.3,0.0,0.0,0.0,19.96,4.35
2014-05-07,TX,30.8,20.2,0.2,0.0,0.0,20.36,9.85
2014-05-08,TX,25.4,22.2,26.2,0.0,0.0,20.62,7.9
2014-05-09,TX,30.4,20.1,0.6,0.0,0.0,20.91,6.05
2014-05-10,TX,28.8,18.5,0.0,0.0,0.0,20.97,2.5
2014-05-11,TX,30.3,21.5,0.0,0.0,0.0,21.1,-0.5
2014-05-12,TX,26.7,19.0,21.7,0.0,0.0,21.1,-2.4
2014-05-13,TX,19.6,13.6,11.2,0.0,0.0,20.91,-8.5
2014-05-14,TX,21.0,12.1,8.4,0.0,0.0,20.94,-8.95
2014-05-15,TX,26.4,10.5,0.0,0.0,0.0,21.22,-5.35
2014-05-16,TX,28.3,12.6,0.0,0.0,0.0,21.46,-4.8
2014-05-17,TX,27.2,16.6,0.0,0.0,0.0,21.72,-1.75
2014-05-18,TX,27.8,17.0,0.0,0.0,0.0,21.87,-3.5
2014-05-19,TX,29.3,18.3,0.0,0.0,0.0,22.06,0.95
2014-05-20,TX,30.4,19.6,0.0,0.0,0.0,22.21,8.4
2014-05-21,TX,30.6,19.9,0.0,0.0,0.0,22.33,8.7
2014-05-22,TX,29.3,19.9,0.0,0.0,0.0,22.44,6.15
2014-05-23,TX,28.6,21.4,0.0,0.0,0.0,22.52,4.55
2014-05-24,TX,29.6,21.0,0.7,0.0,0.0,22.57,3.4
2014-05-25,TX,29.9,21.1,1.2,0.0,0.0,22.73,3.1
2014-05-26,TX,25.4,20.7,5.0,0.0,0.0,22.71,-0.75
2014-05-27,TX,25.6,20.0,15.3,0.0,0.0,22.55,-2.2
2014-05-28,TX,26.6,17.5,1.0,0.0,0.0,22.5,-3.2
2014-05-29,TX,28.9,18.6,0.0,0.0,0.0,22.6,-0.85
2014-05-30,TX,28.9,20.7,0.6,0.0,0.0,22.91,-0.2
2014-05-31,TX,28.7,20.9,0.2,0.0,0.0,23.2,-0.5
2014-06-01,TX,30.9,20.7,0.5,0.0,0.0,23.42,0.3
2014-06-02,TX,30.7,22.5,0.0,0.0,0.0,23.6,3.55
2014-06-03,TX,31.4,23.1,0.0,0.0,0.0,23.63,4.45
2014-06-04,TX,32.2,23.2,0.0,0.0,0.0,23.71,5.65
2014-06-05,TX,31.8,23.1,0.6,0.0,0.0,23.79,3.7
2014-06-06,TX,33.1,23.6,0.7,0.0,0.0,23.89,3.55
2014-06-07,TX,33.7,23.6,0.0,0.0,0.0,24.05,3.85
2014-06-08,TX,31.6,23.8,5.2,0.0,0.0,24.13,1.9
2014-06-09,TX,26.7,21.7,28.3,0.0,0.0,24.15,-2.4
2014-06-10,TX,27.8,19.2,0.0,0.0,0.0,24.07,-3.75
2014-06-11,TX,32.8,18.7,0.0,0.0,0.0,24.17,-1.95
2014-06-12,TX,30.6,22.7,13.3,0.0,0.0,24.5,-0.8
2014-06-13,TX,30.7,21.0,1.5,0.0,0.0,24.81,-2.5
2014-06-14,TX,31.6,22.5,0.3,0.0,0.0,25.1,-1.6
2014-06-15,TX,31.8,23.4,0.0,0.0,0.0,25.34,-0.1
2014-06-16,TX,33.0,23.8,0.0,0.0,0.0,25.55,4.2
2014-06-17,TX,33.1,24.1,0.1,0.0,0.0,25.76,5.1
2014-06-18,TX,33.6,24.2,0.4,0.0,0.0,25.93,3.15
2014-06-19,TX,33.6,23.9,0.2,0.0,0.0,26.06,2.1
2014-06-20,TX,33.1,24.1,0.0,0.0,0.0,26.17,2.75
2014-06-21,TX,32.4,25.1,1.7,0.0,0.0,26.3,1.7
2014-06-22,TX,28.1,23.6,7.5,0.0,0.0,26.33,-1.75
2014-06-23,TX,31.2,22.6,0.2,0.0,0.0,26.39,-1.5
2014-06-24,TX,33.2,22.3,0.5,0.0,0.0,26.46,-0.85
2014-06-25,TX,30.7,22.7,1.1,0.0,0.0,26.58,-2.2
2014-06-26,TX,30.9,23.2,3.8,0.0,0.0,26.72,-1.7
2014-06-27,TX,31.2,22.8,0.5,0.0,0.0,26.89,-1.6
2014-06-28,TX,32.2,24.3,0.1,0.0,0.0,27.04,-0.5
2014-06-29,TX,34.4,25.1,0.0,0.0,0.0,27.2,3.9
2014-06-30,TX,35.7,23.9,0.0,0.0,0.0,27.37,2.9
2014-07-01,TX,34.7,23.9,0.0,0.0,0.0,27.49,1.55
2014-07-02,TX,34.0,24.3,4.6,0.0,0.0,27.57,2.45
2014-07-03,TX,31.9,23.8,0.5,0.0,0.0,27.59,0.8
2014-07-04,TX,33.5,23.0,0.2,0.0,0.0,27.61,1.25
2014-07-05,TX,33.0,23.3,0.0,0.0,0.0,27.64,-0.1
2014-07-06,TX,34.3,23.4,0.0,0.0,0.0,27.65,-0.9
2014-07-07,TX,35.6,24.9,0.0,0.0,0.0,27.7,0.45
2014-07-08,TX,35.4,25.8,0.0,0.0,0.0,27.8,1.3
2014-07-09,TX,35.7,25.8,0.0,0.0,0.0,28.02,1.6
2014-07-10,TX,36.1,25.6,0.0,0.0,0.0,28.26,3.0
2014-07-11,TX,35.4,25.2,0.0,0.0,0.0,28.42,2.05
2014-07-12,TX,36.5,25.6,0.0,0.0,0.0,28.56,2.9
2014-07-13,TX,36.7,25.7,0.0,0.0,0.0,28.74,2.35
2014-07-14,TX,38.2,26.3,0.0,0.0,0.0,28.92,2.0
2014-07-15,TX,33.3,25.2,0.0,0.0,0.0,28.97,-1.35
2014-07-16,TX,33.3,21.4,0.0,0.0,0.0,28.94,-3.4
2014-07-17,TX,28.5,20.7,25.9,0.0,0.0,28.8,-6.25
2014-07-18,TX,25.0,19.2,0.2,0.0,0.0,28.58,-8.2
2014-07-19,TX,25.1,20.6,0.0,0.0,0.0,28.38,-8.2
2014-07-20,TX,30.7,19.4,0.0,0.0,0.0,28.26,-6.15
2014-07-21,TX,34.3,22.0,0.0,0.0,0.0,28.24,-4.1
2014-07-22,TX,34.4,23.8,0.0,0.0,0.0,28.35,-0.15
2014-07-23,TX,34.4,23.4,0.0,0.0,0.0,28.42,1.55
2014-07-24,TX,33.9,23.4,3.5,0.0,0.0,28.44,4.05
2014-07-25,TX,36.5,23.3,0.0,0.0,0.0,28.55,7.8
2014-07-26,TX,37.5,25.6,0.0,0.0,0.0,28.7,8.7
2014-07-27,TX,38.2,26.7,0.0,0.0,0.0,28.88,7.4
2014-07-28,TX,33.7,27.1,3.2,0.0,0.0,28.96,2.25
2014-07-29,TX,31.5,23.4,0.8,0.0,0.0,28.88,-1.65
2014-07-30,TX,32.3,23.1,2.6,0.0,0.0,28.81,-1.2
2014-07-31,TX,27.5,22.6,0.6,0.0,0.0,28.67,-3.6
2014-08-01,TX,26.6,21.5,0.3,0.0,0.0,28.5,-5.85
2014-08-02,TX,29.5,21.6,0.0,0.0,0.0,28.42,-6.0
2014-08-03,TX,32.3,20.9,0.0,0.0,0.0,28.36,-5.85
2014-08-04,TX,33.4,21.5,0.0,0.0,0.0,28.34,-2.95
2014-08-05,TX,35.4,22.4,0.0,0.0,0.0,28.34,1.45
2014-08-06,TX,36.0,25.5,0.0,0.0,0.0,28.36,3.05
2014-08-07,TX,36.4,26.5,0.9,0.0,0.0,28.39,6.4
2014-08-08,TX,39.0,27.2,0.0,0.0,0.0,28.47,9.05
2014-08-09,TX,38.2,27.3,0.0,0.0,0.0,28.53,7.2
2014-08-10,TX,38.1,27.5,0.0,0.0,0.0,28.61,6.2
2014-08-11,TX,35.3,26.3,0.2,0.0,0.0,28.6,3.35
2014-08-12,TX,34.6,24.9,0.0,0.0,0.0,28.56,0.85
2014-08-13,TX,33.4,22.0,0.0,0.0,0.0,28.4,-3.05
2014-08-14,TX,34.7,22.8,0.0,0.0,0.0,28.39,-2.7
2014-08-15,TX,36.5,24.1,0.0,0.0,0.0,28.49,-2.8
2014-08-16,TX,38.0,26.7,1.1,0.0,0.0,28.74,-0.4
2014-08-17,TX,35.0,26.8,2.9,0.0,0.0,29.04,-1.9
2014-08-18,TX,33.8,25.3,0.0,0.0,0.0,29.26,-1.25
2014-08-19,TX,33.1,26.6,0.0,0.0,0.0,29.42,0.1
2014-08-20,TX,36.5,26.2,0.0,0.0,0.0,29.53,3.65
2014-08-21,TX,36.7,26.5,0.0,0.0,0.0,29.61,2.85
2014-08-22,TX,38.2,26.5,0.0,0.0,0.0,29.73,2.05
2014-08-23,TX,37.4,26.6,0.0,0.0,0.0,29.84,-0.35
2014-08-24,TX,37.1,26.9,0.0,0.0,0.0,29.91,1.1
2014-08-25,TX,37.0,26.6,0.0,0.0,0.0,29.92,2.25
2014-08-26,TX,35.9,26.7,0.2,0.0,0.0,29.88,1.45
2014-08-27,TX,34.8,26.0,0.0,0.0,0.0,29.88,-0.95
2014-08-28,TX,35.5,25.1,0.2,0.0,0.0,29.97,-1.3
2014-08-29,TX,33.5,25.7,0.6,0.0,0.0,30.04,-2.75
2014-08-30,TX,32.8,25.0,0.0,0.0,0.0,30.17,-3.1
2014-08-31,TX,35.1,25.6,0.0,0.0,0.0,30.38,-1.65
2014-09-01,TX,35.1,25.1,0.0,0.0,0.0,30.53,-1.7
2014-09-02,TX,35.0,26.5,0.0,0.0,0.0,30.66,-0.55
2014-09-03,TX,35.6,26.2,0.0,0.0,0.0,30.78,0.5
2014-09-04,TX,35.8,26.4,0.0,0.0,0.0,30.85,0.8
2014-09-05,TX,34.9,25.8,0.0,0.0,0.0,30.84,0.75
2014-09-06,TX,34.3,26.1,0.0,0.0,0.0,30.8,1.3
2014-09-07,TX,28.8,22.3,3.4,0.0,0.0,30.55,-4.8
2014-09-08,TX,33.6,23.8,0.1,0.0,0.0,30.41,-1.4
2014-09-09,TX,36.1,25.9,0.0,0.0,0.0,30.35,0.25
2014-09-10,TX,38.0,26.8,0.0,0.0,0.0,30.4,1.5
2014-09-11,TX,33.0,24.8,5.7,0.0,0.0,30.38,-2.2
2014-09-12,TX,24.6,17.3,10.3,0.0,0.0,30.15,-9.4
2014-09-13,TX,19.4,15.7,0.3,0.0,0.0,29.78,-12.65
2014-09-14,TX,24.9,19.1,0.0,0.0,0.0,29.5,-3.55
2014-09-15,TX,27.9,21.1,3.3,0.0,0.0,29.24,-4.2
2014-09-16,TX,31.0,21.5,0.1,0.0,0.0,29.08,-4.75
2014-09-17,TX,32.7,22.9,0.6,0.0,0.0,29.03,-4.6
2014-09-18,TX,29.4,23.5,3.7,0.0,0.0,28.91,-2.45
2014-09-19,TX,29.2,20.8,0.4,0.0,0.0,28.7,4.05
2014-09-20,TX,31.4,22.5,0.0,0.0,0.0,28.55,9.4
2014-09-21,TX,32.8,22.7,0.0,0.0,0.0,28.39,5.75
2014-09-22,TX,30.1,22.4,0.0,0.0,0.0,28.2,1.75
2014-09-23,TX,28.2,17.6,0.0,0.0,0.0,27.9,-3.35
2014-09-24,TX,29.8,16.0,0.0,0.0,0.0,27.6,-4.9
2014-09-25,TX,30.3,17.1,0.0,0.0,0.0,27.35,-2.75
2014-09-26,TX,30.1,18.2,0.0,0.0,0.0,27.14,-0.85
2014-09-27,TX,29.8,19.4,0.0,0.0,0.0,26.95,-2.35
2014-09-28,TX,30.9,20.6,0.0,0.0,0.0,26.82,-2.0
2014-09-29,TX,30.3,19.9,0.0,0.0,0.0,26.7,-1.15
2014-09-30,TX,33.0,21.8,0.0,0.0,0.0,26.6,4.5
2014-10-01,TX,33.1,22.9,0.0,0.0,0.0,26.53,5.1
2014-10-02,TX,34.7,24.4,3.0,0.0,0.0,26.49,5.85
2014-10-03,TX,27.4,17.5,0.0,0.0,0.0,26.2,-1.7
2014-10-04,TX,25.4,12.5,0.0,0.0,0.0,25.8,-5.65
2014-10-05,TX,29.5,17.2,0.0,0.0,0.0,25.57,-2.4
2014-10-06,TX,29.6,20.7,0.3,0.0,0.0,25.4,0.05
2014-10-07,TX,35.2,21.2,0.0,0.0,0.0,25.49,0.8
2014-10-08,TX,31.7,23.1,0.0,0.0,0.0,25.44,-0.6
2014-10-09,TX,33.1,23.4,0.6,0.0,0.0,25.35,-1.3
2014-10-10,TX,32.8,22.6,2.9,0.0,0.0,25.2,5.25
2014-10-11,TX,23.3,16.0,7.9,0.0,0.0,24.89,0.7
2014-10-12,TX,23.1,13.5,0.3,0.0,0.0,24.8,-5.05
2014-10-13,TX,22.7,17.1,28.9,0.0,0.0,24.88,-5.25
2014-10-14,TX,23.6,13.6,0.0,0.0,0.0,24.76,-9.6
2014-10-15,TX,25.9,12.8,0.0,0.0,0.0,24.59,-8.05
2014-10-16,TX,29.6,14.4,0.0,0.0,0.0,24.45,-6.25
2014-10-17,TX,28.3,16.7,0.0,0.0,0.0,24.27,-5.2
2014-10-18,TX,27.0,17.3,0.0,0.0,0.0,24.13,2.5
2014-10-19,TX,24.2,15.6,0.0,0.0,0.0,23.96,1.6
2014-10-20,TX,26.9,14.7,0.0,0.0,0.0,23.76,0.9
2014-10-21,TX,27.3,16.6,0.0,0.0,0.0,23.56,3.35
2014-10-22,TX,26.7,15.8,0.0,0.0,0.0,23.4,1.9
2014-10-23,TX,25.2,17.0,0.1,0.0,0.0,23.33,-0.9
2014-10-24,TX,28.2,15.8,0.0,0.0,0.0,23.3,-0.5
2014-10-25,TX,30.8,18.4,0.0,0.0,0.0,23.33,2.45
2014-10-26,TX,30.6,19.4,0.0,0.0,0.0,23.36,5.1
2014-10-27,TX,29.2,18.7,0.0,0.0,0.0,23.34,3.15
2014-10-28,TX,26.6,20.7,2.1,0.0,0.0,23.27,1.7
2014-10-29,TX,24.6,16.4,0.0,0.0,0.0,23.12,-0.75
2014-10-30,TX,25.3,13.5,0.0,0.0,0.0,22.85,-1.7
2014-10-31,TX,19.1,12.6,0.0,0.0,0.0,22.45,-6.15
2014-11-01,TX,16.0,7.1,0.0,0.0,0.0,21.85,-13.05
2014-11-02,TX,19.5,8.4,0.0,0.0,0.0,21.56,-11.05
2014-11-03,TX,25.1,13.2,0.0,0.0,0.0,21.57,-4.8
2014-11-04,TX,21.4,12.8,14.9,0.0,0.0,21.36,-6.55
2014-11-05,TX,15.1,11.5,13.2,0.0,0.0,20.97,-7.2
2014-11-06,TX,21.4,9.2,0.0,0.0,0.0,20.54,-4.1
2014-11-07,TX,18.7,7.1,0.0,0.0,0.0,20.05,-2.95
2014-11-08,TX,19.9,10.3,0.0,0.0,0.0,19.62,3.55
2014-11-09,TX,21.6,5.6,0.0,0.0,0.0,19.14,-0.35
2014-11-10,TX,25.0,12.7,0.0,0.0,0.0,19.12,-0.3
2014-11-11,TX,19.2,6.3,0.0,0.0,0.0,18.93,-4.35
2014-11-12,TX,6.1,1.4,0.0,0.0,0.0,18.39,-9.55
2014-11-13,TX,3.3,-0.0,0.0,0.0,0.0,17.83,-13.65
2014-11-14,TX,5.3,-1.6,0.0,0.0,0.0,17.25,-11.05
2014-11-15,TX,9.5,1.4,0.0,0.0,0.0,16.7,-9.65
2014-11-16,TX,6.9,0.6,1.7,0.28,0.0,16.07,-9.85
2014-11-17,TX,6.4,-1.9,0.0,0.0,0.0,15.41,-16.6
2014-11-18,TX,12.9,-2.1,0.0,0.0,0.0,14.92,-7.35
2014-11-19,TX,16.9,4.4,0.0,0.0,0.0,14.58,6.9
2014-11-20,TX,21.4,7.7,0.0,0.0,0.0,14.34,12.9
2014-11-21,TX,19.6,14.5,0.9,0.0,0.0,14.2,15.2
2014-11-22,TX,17.9,14.8,57.8,0.0,0.0,14.04,10.9
2014-11-23,TX,23.6,12.1,0.0,0.0,0.0,13.9,14.1
2014-11-24,TX,15.0,6.7,0.0,0.0,0.0,13.44,8.6
2014-11-25,TX,16.0,3.5,0.0,0.0,0.0,12.94,4.35
2014-11-26,TX,16.7,6.8,0.0,0.0,0.0,12.53,1.1
2014-11-27,TX,13.1,4.5,0.0,0.0,0.0,12.03,-5.75
2014-11-28,TX,19.3,6.6,0.0,0.0,0.0,11.78,-4.1
2014-11-29,TX,23.2,12.8,0.0,0.0,0.0,11.74,1.65
2014-11-30,TX,24.8,17.7,0.0,0.0,0.0,11.92,3.4
2014-12-01,TX,18.7,3.5,0.2,0.0,0.0,11.9,0.25
2014-12-02,TX,8.5,1.4,0.0,0.0,0.0,11.6,-4.8
2014-12-03,TX,14.1,8.7,1.8,0.0,0.0,11.34,-0.35
2014-12-04,TX,17.6,12.7,1.8,0.0,0.0,11.28,6.35
2014-12-05,TX,24.5,16.0,1.7,0.0,0.0,11.51,7.3
2014-12-06,TX,18.3,11.0,0.0,0.0,0.0,11.49,-3.35
2014-12-07,TX,12.7,8.0,0.2,0.0,0.0,11.4,-10.9
2014-12-08,TX,15.1,6.0,0.0,0.0,0.0,11.25,-0.55
2014-12-09,TX,13.3,4.9,0.0,0.0,0.0,11.1,4.15
2014-12-10,TX,13.5,5.5,0.0,0.0,0.0,10.79,-1.9
2014-12-11,TX,19.2,11.4,1.5,0.0,0.0,10.87,0.15
2014-12-12,TX,20.5,13.7,4.0,0.0,0.0,11.32,-3.15
2014-12-13,TX,20.3,13.6,0.4,0.0,0.0,11.83,2.3
2014-12-14,TX,19.2,15.0,6.6,0.0,0.0,12.34,6.75
2014-12-15,TX,17.2,10.5,0.0,0.0,0.0,12.62,3.3
2014-12-16,TX,10.9,5.6,0.0,0.0,0.0,12.77,-0.85
2014-12-17,TX,8.4,4.4,17.4,0.0,0.0,12.9,-3.1
2014-12-18,TX,11.9,6.5,1.1,0.0,0.0,13.03,-6.1
2014-12-19,TX,10.5,8.1,0.0,0.0,0.0,12.99,-7.8
2014-12-20,TX,10.0,8.2,0.1,0.0,0.0,12.8,-7.85
2014-12-21,TX,11.9,8.5,0.2,0.0,0.0,12.58,-6.9
2014-12-22,TX,17.8,10.3,0.0,0.0,0.0,12.5,0.2
2014-12-23,TX,11.9,7.4,8.8,0.0,0.0,12.23,1.4
2014-12-24,TX,10.3,4.0,0.0,0.0,0.0,12.1,0.75
2014-12-25,TX,15.4,3.2,0.0,0.0,0.0,12.09,0.1
2014-12-26,TX,16.9,10.5,1.0,0.0,0.0,12.15,4.4
2014-12-27,TX,16.8,2.8,4.3,0.0,0.0,12.19,0.7
2014-12-28,TX,7.8,2.3,0.0,0.0,0.0,11.92,-5.15
2014-12-29,TX,11.1,-0.4,0.0,0.0,0.0,11.5,-8.7
2014-12-30,TX,7.9,3.5,0.0,0.0,0.0,10.98,-3.95
2014-12-31,TX,3.1,1.8,0.0,0.0,0.0,10.7,-4.7
2015-01-01,TX,3.0,1.4,18.8,0.0,0.0,10.6,-7.1
2015-01-02,TX,4.9,2.9,5.2,0.0,0.0,10.35,-9.8
2015-01-03,TX,11.3,3.5,7.1,0.0,0.0,10.1,-2.4
2015-01-04,TX,4.8,-1.2,0.0,0.0,0.0,9.48,-3.25
2015-01-05,TX,7.1,-3.8,0.0,0.0,0.0,9.05,-3.7
2015-01-06,TX,13.0,0.2,0.0,0.0,0.0,8.92,0.9
2015-01-07,TX,4.3,-3.3,0.0,0.0,0.0,8.59,-1.95
2015-01-08,TX,2.6,-5.6,0.0,0.0,0.0,8.23,-3.7
2015-01-09,TX,3.4,-1.5,0.0,0.0,0.0,7.95,-2.95
2015-01-10,TX,2.3,-0.4,0.7,0.0,0.0,7.47,-6.45
2015-01-11,TX,4.8,1.0,11.9,0.0,0.0,7.0,1.1
2015-01-12,TX,6.7,2.9,0.0,0.0,0.0,6.59,3.15
2015-01-13,TX,5.0,1.6,0.3,0.07,0.0,6.13,-3.3
2015-01-14,TX,5.4,1.2,0.0,0.0,0.0,5.78,2.8
2015-01-15,TX,11.5,2.2,0.0,0.0,0.0,5.73,8.35
2015-01-16,TX,15.5,-0.4,0.0,0.0,0.0,5.77,6.6
2015-01-17,TX,18.9,5.7,0.0,0.0,0.0,5.88,11.35
2015-01-18,TX,18.9,1.7,0.0,0.0,0.0,5.91,7.4
2015-01-19,TX,18.7,6.9,0.0,0.0,0.0,6.03,8.0
2015-01-20,TX,19.9,4.4,0.0,0.0,0.0,6.1,8.85
2015-01-21,TX,16.3,6.7,3.6,0.0,0.0,6.01,8.2
2015-01-22,TX,9.5,3.5,26.6,0.0,0.0,5.91,-0.35
2015-01-23,TX,10.6,4.4,0.0,0.0,0.0,5.92,-0.05
2015-01-24,TX,14.4,1.2,0.0,0.0,0.0,5.87,-4.5
2015-01-25,TX,16.9,6.3,0.0,0.0,0.0,5.8,1.3
2015-01-26,TX,19.9,2.1,0.0,0.0,0.0,5.84,-1.8
2015-01-27,TX,22.9,6.4,0.0,0.0,0.0,6.16,2.5
2015-01-28,TX,24.6,10.3,0.0,0.0,0.0,6.56,5.95
2015-01-29,TX,19.1,10.7,0.0,0.0,0.0,6.87,8.4
2015-01-30,TX,13.2,5.2,0.0,0.0,0.0,7.09,1.7
2015-01-31,TX,12.5,6.7,4.0,0.0,0.0,7.34,1.8
2015-02-01,TX,15.7,4.6,12.0,0.0,0.0,7.55,-1.45
2015-02-02,TX,4.9,-2.8,0.0,0.0,0.0,7.34,-9.95
2015-02-03,TX,11.7,1.5,0.0,0.0,0.0,7.5,-8.05
2015-02-04,TX,13.6,5.1,0.3,0.0,0.0,7.75,-8.1
2015-02-05,TX,6.1,1.3,0.1,0.0,0.0,7.66,-11.2
2015-02-06,TX,13.1,0.1,0.0,0.0,0.0,7.86,-2.6
2015-02-07,TX,19.7,6.2,0.0,0.0,0.0,8.34,3.35
2015-02-08,TX,20.9,11.8,0.0,0.0,0.0,8.85,6.2
2015-02-09,TX,22.7,9.8,0.0,0.0,0.0,9.36,15.2
2015-02-10,TX,22.2,7.7,0.0,0.0,0.0,9.77,8.35
2015-02-11,TX,18.9,10.1,0.0,0.0,0.0,10.09,5.15
2015-02-12,TX,12.0,4.4,0.0,0.0,0.0,10.25,4.5
2015-02-13,TX,18.9,2.7,0.0,0.0,0.0,10.5,4.2
2015-02-14,TX,24.2,5.6,0.0,0.0,0.0,10.77,1.95
2015-02-15,TX,22.4,12.0,2.9,0.0,0.0,11.09,0.85
2015-02-16,TX,15.8,1.0,6.2,0.0,0.0,10.96,-7.85
2015-02-17,TX,11.6,-0.5,0.7,0.0,0.0,10.8,-9.4
2015-02-18,TX,13.0,-0.2,0.0,0.0,0.0,10.59,-8.1
2015-02-19,TX,15.5,0.7,0.0,0.0,0.0,10.46,-0.1
2015-02-20,TX,20.0,9.3,0.0,0.0,0.0,10.56,3.85
2015-02-21,TX,17.7,10.5,0.9,0.0,0.0,10.82,-0.8
2015-02-22,TX,9.8,0.6,18.6,0.0,0.0,10.74,-12.0
2015-02-23,TX,0.3,-2.2,2.4,0.14,0.0,10.45,-9.35
2015-02-24,TX,2.8,-2.4,0.0,0.0,0.0,10.07,-5.35
2015-02-25,TX,8.1,0.6,16.3,6.37,5.0,9.84,-2.05
2015-02-26,TX,3.7,-0.4,0.3,0.21,4.0,9.41,-6.45
2015-02-27,TX,0.4,-2.4,2.8,2.17,5.0,8.8,-15.65
2015-02-28,TX,0.6,-2.9,2.8,0.63,6.0,8.26,-15.25
2015-03-01,TX,3.4,0.0,1.9,0.0,6.0,8.01,-3.5
2015-03-02,TX,4.7,1.3,1.3,0.0,3.0,7.79,3.95
2015-03-03,TX,13.9,4.6,4.6,0.0,2.0,7.76,9.05
2015-03-04,TX,14.0,-0.9,8.8,0.0,0.0,7.94,2.2
2015-03-05,TX,5.2,-3.0,5.3,2.17,2.0,7.76,-0.55
2015-03-06,TX,10.0,-4.0,0.0,0.0,1.0,7.55,4.0
2015-03-07,TX,15.7,-1.4,0.0,0.0,1.0,7.66,8.3
2015-03-08,TX,11.9,7.8,6.8,0.0,0.0,7.77,8.15
2015-03-09,TX,9.7,7.9,24.0,0.0,0.0,7.64,5.8
2015-03-10,TX,13.6,8.8,0.0,0.0,0.0,7.46,1.95
2015-03-11,TX,19.2,4.8,0.0,0.0,0.0,7.32,5.45
2015-03-12,TX,17.8,9.4,0.0,0.0,0.0,7.28,12.5
2015-03-13,TX,14.5,12.3,6.4,0.0,0.0,7.24,10.4
2015-03-14,TX,16.0,12.8,0.2,0.0,0.0,7.45,7.25
2015-03-15,TX,18.7,12.7,0.0,0.0,0.0,7.61,5.85
2015-03-16,TX,24.0,9.5,0.0,0.0,0.0,7.67,7.95
2015-03-17,TX,26.1,16.3,0.0,0.0,0.0,7.81,10.0
2015-03-18,TX,19.0,13.4,5.2,0.0,0.0,8.06,4.2
2015-03-19,TX,23.2,12.3,3.3,0.0,0.0,8.47,4.15
2015-03-20,TX,17.5,12.3,15.2,0.0,0.0,8.76,1.5
2015-03-21,TX,17.3,11.9,2.9,0.0,0.0,8.97,0.2
2015-03-22,TX,18.9,11.8,1.8,0.0,0.0,9.0,-0.35
2015-03-23,TX,22.8,8.9,0.0,0.0,0.0,9.05,-0.9
2015-03-24,TX,27.2,14.3,0.0,0.0,0.0,9.57,-0.45
2015-03-25,TX,26.1,16.1,0.0,0.0,0.0,10.31,4.9
2015-03-26,TX,20.4,11.2,1.1,0.0,0.0,10.83,-1.95
2015-03-27,TX,19.5,7.8,0.0,0.0,0.0,11.14,-1.25
2015-03-28,TX,26.9,8.9,0.0,0.0,0.0,11.68,3.3
2015-03-29,TX,27.3,13.6,0.0,0.0,0.0,12.39,5.1
2015-03-30,TX,23.0,16.1,0.3,0.0,0.0,13.08,3.7
2015-03-31,TX,27.0,17.6,2.2,0.0,0.0,13.77,1.55
2015-04-01,TX,26.3,19.0,0.5,0.0,0.0,14.42,1.55
2015-04-02,TX,28.8,18.8,0.0,0.0,0.0,14.91,8.0
2015-04-03,TX,24.9,15.6,0.2,0.0,0.0,15.37,6.6
2015-04-04,TX,19.2,10.3,0.0,0.0,0.0,15.82,-3.15
2015-04-05,TX,15.4,12.9,8.6,0.0,0.0,16.19,-6.3
2015-04-06,TX,27.3,14.2,1.0,0.0,0.0,16.65,1.2
2015-04-07,TX,27.4,19.4,6.0,0.0,0.0,17.1,1.1
2015-04-08,TX,26.8,19.1,3.4,0.0,0.0,17.57,0.3
2015-04-09,TX,28.2,19.5,1.2,0.0,0.0,17.99,0.05
2015-04-10,TX,20.6,12.5,0.0,0.0,0.0,18.14,-3.7
2015-04-11,TX,23.3,13.1,0.0,0.0,0.0,18.3,3.45
2015-04-12,TX,24.4,16.9,1.3,0.0,0.0,18.54,6.5
2015-04-13,TX,22.9,17.0,20.7,0.0,0.0,18.72,-0.8
2015-04-14,TX,17.0,14.4,1.9,0.0,0.0,18.72,-7.7
2015-04-15,TX,22.9,13.4,0.0,0.0,0.0,18.77,-4.8
2015-04-16,TX,25.1,15.1,4.0,0.0,0.0,18.73,-3.75
2015-04-17,TX,22.7,17.6,0.7,0.0,0.0,18.86,3.6
2015-04-18,TX,25.7,16.4,8.4,0.0,0.0,18.98,2.85
2015-04-19,TX,25.7,16.0,1.1,0.0,0.0,19.17,0.2
2015-04-20,TX,20.0,10.4,0.0,0.0,0.0,19.19,-4.75
2015-04-21,TX,21.6,10.7,2.2,0.0,0.0,19.22,0.45
2015-04-22,TX,25.1,15.2,0.7,0.0,0.0,19.36,2.0
2015-04-23,TX,23.3,18.5,17.1,0.0,0.0,19.37,0.8
2015-04-24,TX,23.6,19.5,34.6,0.0,0.0,19.38,1.4
2015-04-25,TX,29.7,16.0,0.0,0.0,0.0,19.62,1.8
2015-04-26,TX,28.2,16.2,3.8,0.0,0.0,19.9,1.35
2015-04-27,TX,20.6,14.0,73.3,0.0,0.0,19.88,2.1
2015-04-28,TX,14.7,11.8,2.7,0.0,0.0,19.64,-2.9
2015-04-29,TX,22.7,10.0,0.0,0.0,0.0,19.54,-3.8
2015-04-30,TX,25.4,10.9,0.0,0.0,0.0,19.4,-2.75
2015-05-01,TX,25.9,12.4,0.0,0.0,0.0,19.28,-2.4
2015-05-02,TX,26.6,13.1,0.0,0.0,0.0,19.15,-3.0
2015-05-03,TX,26.3,16.2,0.0,0.0,0.0,19.18,-0.95
2015-05-04,TX,26.5,16.9,0.0,0.0,0.0,19.42,4.4
2015-05-05,TX,26.1,16.5,3.7,0.0,0.0,19.65,8.05
2015-05-06,TX,26.7,19.7,7.1,0.0,0.0,19.74,6.85
2015-05-07,TX,27.2,21.1,4.6,0.0,0.0,19.76,6.0
2015-05-08,TX,28.4,20.2,16.0,0.0,0.0,19.8,5.15
2015-05-09,TX,27.5,21.4,43.0,0.0,0.0,19.82,4.6
2015-05-10,TX,28.0,20.4,19.5,0.0,0.0,20.08,2.95
2015-05-11,TX,22.8,17.9,6.2,0.0,0.0,20.15,-1.35
2015-05-12,TX,21.2,16.3,2.8,0.0,0.0,20.09,-2.55
2015-05-13,TX,21.3,16.6,14.9,0.0,0.0,20.06,-4.25
2015-05-14,TX,27.7,18.2,1.0,0.0,0.0,20.3,-1.2
2015-05-15,TX,25.2,21.1,6.5,0.0,0.0,20.46,-1.15
2015-05-16,TX,28.1,20.7,1.2,0.0,0.0,20.61,-0.05
2015-05-17,TX,25.7,20.8,30.6,0.0,0.0,20.71,-0.95
2015-05-18,TX,29.8,19.7,0.6,0.0,0.0,20.83,4.4
2015-05-19,TX,26.3,21.4,10.0,0.0,0.0,20.93,5.1
2015-05-20,TX,28.9,20.2,0.5,0.0,0.0,21.24,5.6
2015-05-21,TX,19.6,15.3,0.6,0.0,0.0,21.29,-5.5
2015-05-22,TX,23.8,16.0,0.6,0.0,0.0,21.28,-3.25
2015-05-23,TX,25.0,19.4,6.0,0.0,0.0,21.32,-2.2
2015-05-24,TX,25.3,20.9,29.1,0.0,0.0,21.38,-0.15
2015-05-25,TX,26.2,19.6,35.4,0.0,0.0,21.38,-1.85
2015-05-26,TX,28.4,19.1,2.0,0.0,0.0,21.43,-0.1
2015-05-27,TX,28.5,19.9,15.3,0.0,0.0,21.66,-0.35
2015-05-28,TX,30.3,20.8,1.6,0.0,0.0,22.07,8.1
2015-05-29,TX,26.9,20.8,16.0,0.0,0.0,22.32,3.95
2015-05-30,TX,25.3,18.6,22.9,0.0,0.0,22.44,-0.25
2015-05-31,TX,25.0,17.8,0.0,0.0,0.0,22.52,-1.7
2015-06-01,TX,27.4,15.8,0.0,0.0,0.0,22.58,-1.3
2015-06-02,TX,29.0,18.7,0.0,0.0,0.0,22.66,0.1
2015-06-03,TX,30.2,20.8,0.0,0.0,0.0,22.79,1.3
2015-06-04,TX,30.8,21.6,0.0,0.0,0.0,22.96,0.65
2015-06-05,TX,31.1,21.3,0.0,0.0,0.0,23.06,2.35
2015-06-06,TX,31.7,21.8,0.0,0.0,0.0,23.14,4.8
2015-06-07,TX,32.4,22.6,0.0,0.0,0.0,23.25,6.1
2015-06-08,TX,33.2,22.4,0.0,0.0,0.0,23.36,6.2
2015-06-09,TX,34.2,23.1,0.0,0.0,0.0,23.51,4.8
2015-06-10,TX,34.5,22.6,0.0,0.0,0.0,23.78,3.05
2015-06-11,TX,32.9,23.7,0.0,0.0,0.0,24.1,2.1
2015-06-12,TX,32.6,24.0,0.1,0.0,0.0,24.41,2.1
2015-06-13,TX,30.8,23.4,9.4,0.0,0.0,24.55,0.35
2015-06-14,TX,30.6,24.0,3.5,0.0,0.0,24.69,-0.2
2015-06-15,TX,29.3,23.5,5.2,0.0,0.0,24.76,-1.4
2015-06-16,TX,27.5,23.4,16.3,0.0,0.0,24.83,-3.2
2015-06-17,TX,27.4,22.9,48.5,0.0,0.0,24.84,-3.4
2015-06-18,TX,31.9,22.7,2.0,0.0,0.0,24.96,-1.0
2015-06-19,TX,32.5,23.3,0.1,0.0,0.0,25.07,-0.4
2015-06-20,TX,29.1,24.5,0.1,0.0,0.0,25.38,-0.3
2015-06-21,TX,30.1,24.1,10.4,0.0,0.0,25.62,-0.2
2015-06-22,TX,31.5,24.1,0.1,0.0,0.0,25.81,1.4
2015-06-23,TX,32.2,22.6,0.8,0.0,0.0,25.95,1.95
2015-06-24,TX,33.1,24.0,0.0,0.0,0.0,26.14,3.4
2015-06-25,TX,32.8,24.4,0.0,0.0,0.0,26.3,1.3
2015-06-26,TX,32.8,24.6,0.4,0.0,0.0,26.45,0.8
2015-06-27,TX,30.1,24.0,6.7,0.0,0.0,26.5,0.25
2015-06-28,TX,31.2,20.7,0.0,0.0,0.0,26.57,-1.15
2015-06-29,TX,32.6,22.8,0.9,0.0,0.0,26.76,-0.1
2015-06-30,TX,33.0,24.4,0.4,0.0,0.0,27.0,1.3
2015-07-01,TX,33.0,23.7,0.0,0.0,0.0,27.23,-0.2
2015-07-02,TX,32.6,24.2,0.0,0.0,0.0,27.38,-0.2
2015-07-03,TX,32.2,25.3,0.1,0.0,0.0,27.49,0.05
2015-07-04,TX,32.8,25.0,1.5,0.0,0.0,27.58,1.85
2015-07-05,TX,32.9,24.7,0.7,0.0,0.0,27.67,2.85
2015-07-06,TX,33.3,25.4,0.0,0.0,0.0,27.75,1.65
2015-07-07,TX,32.2,25.4,0.1,0.0,0.0,27.8,0.1
2015-07-08,TX,31.7,25.5,0.2,0.0,0.0,27.82,0.25
2015-07-09,TX,33.8,25.2,0.0,0.0,0.0,27.85,1.1
2015-07-10,TX,33.7,23.1,0.0,0.0,0.0,27.85,-0.35
2015-07-11,TX,34.3,24.7,0.0,0.0,0.0,27.89,0.6
2015-07-12,TX,35.8,25.0,0.0,0.0,0.0,27.96,1.6
2015-07-13,TX,36.6,26.6,0.0,0.0,0.0,28.11,2.25
2015-07-14,TX,36.8,26.9,0.0,0.0,0.0,28.26,3.05
2015-07-15,TX,35.2,25.6,0.0,0.0,0.0,28.39,1.8
2015-07-16,TX,35.7,25.4,0.0,0.0,0.0,28.56,1.05
2015-07-17,TX,35.7,26.0,0.0,0.0,0.0,28.75,2.45
2015-07-18,TX,36.3,26.2,0.0,0.0,0.0,28.88,1.75
2015-07-19,TX,36.1,26.6,0.0,0.0,0.0,29.0,0.95
2015-07-20,TX,36.8,27.3,0.0,0.0,0.0,29.17,0.45
2015-07-21,TX,35.1,27.2,0.0,0.0,0.0,29.31,-0.7
2015-07-22,TX,35.1,27.0,0.0,0.0,0.0,29.42,0.65
2015-07-23,TX,36.9,27.0,0.0,0.0,0.0,29.57,1.4
2015-07-24,TX,36.6,26.7,0.0,0.0,0.0,29.67,0.8
2015-07-25,TX,36.5,26.7,0.0,0.0,0.0,29.77,0.35
2015-07-26,TX,36.6,26.3,0.0,0.0,0.0,29.86,0.1
2015-07-27,TX,35.9,27.0,0.0,0.0,0.0,30.01,-0.6
2015-07-28,TX,36.3,26.8,0.0,0.0,0.0,30.2,0.4
2015-07-29,TX,35.7,26.9,0.0,0.0,0.0,30.32,0.25
2015-07-30,TX,37.0,27.7,0.0,0.0,0.0,30.44,0.4
2015-07-31,TX,33.9,27.2,2.7,0.0,0.0,30.51,-1.1
2015-08-01,TX,34.7,24.2,0.0,0.0,0.0,30.55,-2.15
2015-08-02,TX,35.2,24.4,0.0,0.0,0.0,30.58,-1.65
2015-08-03,TX,36.3,25.0,0.0,0.0,0.0,30.64,-0.8
2015-08-04,TX,36.0,27.1,0.0,0.0,0.0,30.73,0.0
2015-08-05,TX,37.4,27.9,0.0,0.0,0.0,30.84,1.35
2015-08-06,TX,38.6,28.1,0.0,0.0,0.0,30.99,1.0
2015-08-07,TX,38.4,28.1,0.0,0.0,0.0,31.15,2.7
2015-08-08,TX,38.3,27.5,0.0,0.0,0.0,31.26,3.45
2015-08-09,TX,38.7,27.5,0.0,0.0,0.0,31.42,3.3
2015-08-10,TX,38.8,27.8,0.0,0.0,0.0,31.54,2.65
2015-08-11,TX,36.1,27.9,0.4,0.0,0.0,31.6,0.45
2015-08-12,TX,36.2,26.8,0.0,0.0,0.0,31.6,-1.15
2015-08-13,TX,34.8,26.0,0.0,0.0,0.0,31.55,-2.95
2015-08-14,TX,35.0,25.9,0.0,0.0,0.0,31.55,-2.8
2015-08-15,TX,34.5,25.0,0.0,0.0,0.0,31.52,-3.15
2015-08-16,TX,35.2,23.5,0.0,0.0,0.0,31.47,-3.75
2015-08-17,TX,34.6,25.5,0.0,0.0,0.0,31.43,-3.25
2015-08-18,TX,36.2,26.8,0.0,0.0,0.0,31.44,-0.5
2015-08-19,TX,34.2,21.1,4.1,0.0,0.0,31.29,-3.85
2015-08-20,TX,24.6,19.2,25.5,0.0,0.0,30.98,-8.5
2015-08-21,TX,31.6,22.6,0.0,0.0,0.0,30.85,-3.35
2015-08-22,TX,34.2,23.9,0.0,0.0,0.0,30.75,-0.7
2015-08-23,TX,34.9,26.0,0.0,0.0,0.0,30.71,1.1
2015-08-24,TX,35.4,25.3,0.0,0.0,0.0,30.67,0.3
2015-08-25,TX,33.0,25.2,2.3,0.0,0.0,30.59,-2.4
2015-08-26,TX,33.4,23.9,0.0,0.0,0.0,30.5,1.0
2015-08-27,TX,33.9,21.3,0.0,0.0,0.0,30.37,5.7
2015-08-28,TX,34.6,21.6,0.0,0.0,0.0,30.26,1.0
2015-08-29,TX,34.0,25.3,0.0,0.0,0.0,30.17,0.6
2015-08-30,TX,34.9,24.8,0.0,0.0,0.0,30.15,-0.6
2015-08-31,TX,34.1,24.1,0.0,0.0,0.0,30.14,-1.25
2015-09-01,TX,33.6,23.9,0.0,0.0,0.0,30.1,-0.35
2015-09-02,TX,33.3,23.2,0.0,0.0,0.0,30.02,-0.4
2015-09-03,TX,33.7,24.2,0.0,0.0,0.0,29.94,1.35
2015-09-04,TX,34.0,26.0,0.0,0.0,0.0,29.85,1.9
2015-09-05,TX,34.7,27.1,0.0,0.0,0.0,29.76,1.25
2015-09-06,TX,35.5,26.9,0.0,0.0,0.0,29.7,1.35
2015-09-07,TX,36.2,27.3,0.0,0.0,0.0,29.66,2.65
2015-09-08,TX,36.1,27.1,0.5,0.0,0.0,29.61,2.85
2015-09-09,TX,30.3,25.0,9.9,0.0,0.0,29.42,-0.6
2015-09-10,TX,32.5,23.7,0.0,0.0,0.0,29.29,-0.85
2015-09-11,TX,33.6,23.0,0.0,0.0,0.0,29.18,-1.7
2015-09-12,TX,28.7,20.1,0.0,0.0,0.0,28.98,-6.5
2015-09-13,TX,32.3,19.5,0.0,0.0,0.0,28.83,-5.3
2015-09-14,TX,32.2,20.9,0.0,0.0,0.0,28.73,-5.2
2015-09-15,TX,31.0,20.3,0.5,0.0,0.0,28.6,-5.95
2015-09-16,TX,33.5,23.4,0.0,0.0,0.0,28.55,0.8
2015-09-17,TX,33.4,24.1,0.0,0.0,0.0,28.46,0.65
2015-09-18,TX,35.2,25.0,0.0,0.0,0.0,28.54,1.8
2015-09-19,TX,32.3,25.0,0.0,0.0,0.0,28.76,4.25
2015-09-20,TX,31.5,23.3,2.2,0.0,0.0,28.77,1.5
2015-09-21,TX,32.7,20.7,0.0,0.0,0.0,28.7,0.15
2015-09-22,TX,33.0,23.5,0.0,0.0,0.0,28.62,2.6
2015-09-23,TX,32.9,22.6,0.0,0.0,0.0,28.54,-0.7
2015-09-24,TX,32.6,20.3,0.0,0.0,0.0,28.45,-2.3
2015-09-25,TX,32.1,23.2,0.0,0.0,0.0,28.41,-2.45
2015-09-26,TX,32.0,20.7,0.0,0.0,0.0,28.37,-2.3
2015-09-27,TX,31.5,21.1,0.0,0.0,0.0,28.31,-1.1
2015-09-28,TX,31.1,20.9,0.0,0.0,0.0,28.19,-0.7
2015-09-29,TX,31.5,22.2,0.0,0.0,0.0,28.09,-1.4
2015-09-30,TX,32.4,21.8,0.0,0.0,0.0,28.02,-0.65
2015-10-01,TX,28.4,20.6,0.0,0.0,0.0,27.88,-1.95
2015-10-02,TX,26.1,17.4,0.0,0.0,0.0,27.67,-5.9
2015-10-03,TX,25.8,15.2,0.0,0.0,0.0,27.38,-5.85
2015-10-04,TX,25.6,16.4,0.0,0.0,0.0,27.08,-5.3
2015-10-05,TX,26.4,18.3,0.0,0.0,0.0,26.8,-3.65
2015-10-06,TX,27.7,16.5,0.0,0.0,0.0,26.49,-4.75
2015-10-07,TX,30.6,18.7,0.0,0.0,0.0,26.26,-2.45
2015-10-08,TX,31.4,20.5,0.0,0.0,0.0,26.07,1.45
2015-10-09,TX,30.8,20.9,0.1,0.0,0.0,26.01,4.1
2015-10-10,TX,27.5,17.1,0.0,0.0,0.0,25.82,1.8
2015-10-11,TX,34.0,19.4,0.0,0.0,0.0,25.76,5.7
2015-10-12,TX,33.3,24.0,0.0,0.0,0.0,25.9,6.3
2015-10-13,TX,30.9,17.2,0.0,0.0,0.0,25.84,1.95
2015-10-14,TX,34.7,17.6,0.0,0.0,0.0,25.83,1.5
2015-10-15,TX,34.6,20.3,0.0,0.0,0.0,25.89,1.5
2015-10-16,TX,28.8,19.5,0.0,0.0,0.0,25.75,-1.7
2015-10-17,TX,24.7,17.8,0.0,0.0,0.0,25.5,-1.05
2015-10-18,TX,25.5,14.8,0.0,0.0,0.0,25.17,-6.55
2015-10-19,TX,27.4,15.0,0.0,0.0,0.0,24.92,-7.45
2015-10-20,TX,28.0,16.0,0.0,0.0,0.0,24.74,-2.05
2015-10-21,TX,28.1,19.8,0.1,0.0,0.0,24.64,-2.2
2015-10-22,TX,25.6,20.5,4.4,0.0,0.0,24.47,-4.4
2015-10-23,TX,23.5,20.3,78.2,0.0,0.0,24.28,-2.25
2015-10-24,TX,21.8,15.0,81.2,0.0,0.0,24.01,-2.85
2015-10-25,TX,17.9,14.6,5.8,0.0,0.0,23.63,-3.9
2015-10-26,TX,22.6,13.9,0.0,0.0,0.0,23.36,-2.95
2015-10-27,TX,23.5,14.4,0.0,0.0,0.0,23.11,-3.05
2015-10-28,TX,22.6,14.8,0.0,0.0,0.0,22.87,-5.25
2015-10-29,TX,23.3,11.2,0.0,0.0,0.0,22.55,-5.8
2015-10-30,TX,19.4,16.9,31.0,0.0,0.0,22.25,-3.75
2015-10-31,TX,21.8,16.7,7.1,0.0,0.0,22.08,0.85
2015-11-01,TX,18.8,14.8,6.3,0.0,0.0,21.91,0.55
2015-11-02,TX,21.9,13.7,0.0,0.0,0.0,21.82,-0.45
2015-11-03,TX,23.1,15.3,0.0,0.0,0.0,21.76,0.25
2015-11-04,TX,23.1,16.0,1.4,0.0,0.0,21.67,0.85
2015-11-05,TX,25.1,19.6,28.8,0.0,0.0,21.68,5.1
2015-11-06,TX,21.4,14.2,0.0,0.0,0.0,21.45,-0.35
2015-11-07,TX,18.8,12.8,12.2,0.0,0.0,21.11,-3.45
2015-11-08,TX,17.9,9.8,0.0,0.0,0.0,20.71,-2.95
2015-11-09,TX,18.3,11.7,0.0,0.0,0.0,20.47,-2.8
2015-11-10,TX,23.2,12.5,0.0,0.0,0.0,20.17,-1.35
2015-11-11,TX,26.3,16.7,5.8,0.0,0.0,19.93,1.95
2015-11-12,TX,18.1,9.7,0.0,0.0,0.0,19.59,-8.45
2015-11-13,TX,18.2,8.6,0.0,0.0,0.0,19.17,-4.4
2015-11-14,TX,17.4,10.2,0.7,0.0,0.0,18.72,-2.0
2015-11-15,TX,16.3,12.9,4.9,0.0,0.0,18.4,0.75
2015-11-16,TX,21.5,13.7,7.5,0.0,0.0,18.27,2.6
2015-11-17,TX,22.2,12.3,28.9,0.0,0.0,18.18,-0.6
2015-11-18,TX,19.7,9.6,0.0,0.0,0.0,17.96,-6.85
2015-11-19,TX,19.9,8.9,0.0,0.0,0.0,17.71,0.5
2015-11-20,TX,21.1,11.6,0.0,0.0,0.0,17.45,2.95
2015-11-21,TX,15.0,5.6,0.0,0.0,0.0,17.03,-3.5
2015-11-22,TX,11.3,1.5,0.0,0.0,0.0,16.51,-8.2
2015-11-23,TX,15.8,3.0,0.0,0.0,0.0,16.21,-8.2
2015-11-24,TX,18.3,7.6,0.0,0.0,0.0,16.1,-4.3
2015-11-25,TX,21.3,15.5,1.0,0.0,0.0,16.11,3.75
2015-11-26,TX,21.2,17.9,13.0,0.0,0.0,16.13,5.15
2015-11-27,TX,20.1,5.2,62.1,0.0,0.0,15.92,-3.7
2015-11-28,TX,5.5,4.3,29.1,0.0,0.0,15.51,-5.4
2015-11-29,TX,6.6,5.2,23.5,0.0,0.0,15.1,-0.5
2015-11-30,TX,9.4,6.7,0.6,0.0,0.0,14.73,-1.35
2015-12-01,TX,11.8,3.9,0.0,0.0,0.0,14.43,-5.1
2015-12-02,TX,13.4,3.3,0.0,0.0,0.0,14.12,-10.05
2015-12-03,TX,14.5,3.7,0.0,0.0,0.0,13.78,-10.45
2015-12-04,TX,14.3,3.6,0.0,0.0,0.0,13.43,-3.7
2015-12-05,TX,14.7,3.5,0.0,0.0,0.0,12.99,4.2
2015-12-06,TX,16.6,6.7,0.0,0.0,0.0,12.78,5.75
2015-12-07,TX,17.9,5.4,0.0,0.0,0.0,12.64,3.6
2015-12-08,TX,20.8,9.0,0.0,0.0,0.0,12.68,7.05
2015-12-09,TX,20.1,7.4,0.0,0.0,0.0,12.64,5.4
2015-12-10,TX,22.6,11.1,0.0,0.0,0.0,12.6,7.75
2015-12-11,TX,22.8,8.1,0.0,0.0,0.0,12.4,6.5
2015-12-12,TX,22.4,18.8,17.3,0.0,0.0,12.62,11.5
2015-12-13,TX,21.1,11.1,37.2,0.0,0.0,12.72,4.45
2015-12-14,TX,18.6,8.5,0.0,0.0,0.0,12.71,1.9
2015-12-15,TX,19.5,10.9,0.0,0.0,0.0,12.73,0.3
2015-12-16,TX,11.8,5.7,0.0,0.0,0.0,12.43,-5.0
2015-12-17,TX,13.6,3.2,0.0,0.0,0.0,12.14,-8.45
2015-12-18,TX,9.5,0.8,0.0,0.0,0.0,11.82,-10.3
2015-12-19,TX,15.2,3.8,0.0,0.0,0.0,11.66,-11.1
2015-12-20,TX,17.7,8.3,0.2,0.0,0.0,11.54,-3.1
2015-12-21,TX,19.8,12.9,0.0,0.0,0.0,11.75,2.8
2015-12-22,TX,21.0,7.0,0.0,0.0,0.0,12.0,-1.2
2015-12-23,TX,22.6,12.7,0.0,0.0,0.0,12.28,8.9
2015-12-24,TX,22.6,10.5,0.0,0.0,0.0,12.4,8.15
2015-12-25,TX,21.4,8.4,0.2,0.0,0.0,12.28,9.75
2015-12-26,TX,23.2,19.0,9.1,0.0,0.0,12.33,11.6
2015-12-27,TX,20.0,5.9,85.5,0.0,0.0,12.34,-0.05
2015-12-28,TX,7.1,2.2,10.3,0.0,0.0,12.33,-11.7
2015-12-29,TX,7.4,0.6,0.0,0.0,0.0,12.27,-10.0
2015-12-30,TX,10.8,1.2,0.0,0.0,0.0,12.2,-11.65
2015-12-31,TX,10.6,2.1,0.0,0.0,0.0,12.15,-10.2
2016-01-01,TX,8.6,3.2,0.0,0.0,0.0,12.07,-9.0
2016-01-02,TX,9.2,3.5,0.0,0.0,0.0,11.98,-14.75
2016-01-03,TX,13.7,2.1,0.0,0.0,0.0,11.94,-5.05
2016-01-04,TX,10.8,0.7,0.0,0.0,0.0,11.83,1.1
2016-01-05,TX,7.2,-0.3,0.1,0.0,0.0,11.56,-0.55
2016-01-06,TX,8.7,3.6,6.3,0.0,0.0,11.37,0.15
2016-01-07,TX,18.3,8.9,3.8,0.0,0.0,11.33,7.25
2016-01-08,TX,17.4,5.2,0.0,0.0,0.0,11.25,5.4
2016-01-09,TX,9.0,3.3,0.0,0.0,0.0,10.89,-0.2
2016-01-10,TX,4.7,-1.7,0.0,0.0,0.0,10.43,-6.4
2016-01-11,TX,8.9,-0.7,0.0,0.0,0.0,9.88,-1.65
2016-01-12,TX,15.2,0.8,0.0,0.0,0.0,9.61,4.55
2016-01-13,TX,17.4,3.7,0.0,0.0,0.0,9.51,4.4
2016-01-14,TX,18.9,6.9,0.0,0.0,0.0,9.43,-0.7
2016-01-15,TX,15.7,6.5,0.0,0.0,0.0,9.51,-0.2
2016-01-16,TX,7.7,1.9,0.7,0.0,0.0,9.39,-1.35
2016-01-17,TX,11.3,-1.0,0.0,0.0,0.0,9.39,3.65
2016-01-18,TX,7.5,-1.3,0.0,0.0,0.0,9.18,-1.0
2016-01-19,TX,16.9,3.5,0.7,0.0,0.0,9.08,2.2
2016-01-20,TX,9.8,0.2,0.0,0.0,0.0,8.7,-5.55
2016-01-21,TX,10.9,3.4,14.1,0.0,0.0,8.48,-5.75
2016-01-22,TX,7.6,1.3,0.0,0.0,0.0,8.04,-6.65
2016-01-23,TX,8.5,-2.6,0.0,0.0,0.0,7.58,-1.85
2016-01-24,TX,15.8,3.4,0.0,0.0,0.0,7.4,4.45
2016-01-25,TX,17.3,9.1,0.0,0.0,0.0,7.14,10.1
2016-01-26,TX,9.2,4.2,0.0,0.0,0.0,6.93,-3.5
2016-01-27,TX,11.2,0.7,0.0,0.0,0.0,6.98,0.95
2016-01-28,TX,17.9,2.1,0.0,0.0,0.0,7.18,2.85
2016-01-29,TX,21.9,4.8,0.0,0.0,0.0,7.42,8.9
2016-01-30,TX,22.1,9.3,0.0,0.0,0.0,7.73,12.75
2016-01-31,TX,21.7,11.6,0.0,0.0,0.0,8.09,7.05
2016-02-01,TX,20.7,6.5,0.0,0.0,0.0,8.33,0.4
2016-02-02,TX,17.8,9.0,0.0,0.0,0.0,8.52,6.7
2016-02-03,TX,9.8,3.2,0.0,0.0,0.0,8.54,0.55
2016-02-04,TX,11.7,-0.4,0.0,0.0,0.0,8.62,-4.35
2016-02-05,TX,13.4,1.9,0.0,0.0,0.0,8.66,-5.7
2016-02-06,TX,9.8,2.0,1.1,0.0,0.0,8.41,-9.8
2016-02-07,TX,16.5,2.1,0.0,0.0,0.0,8.34,-7.35
2016-02-08,TX,12.4,5.6,0.0,0.0,0.0,8.44,-4.6
2016-02-09,TX,15.6,3.7,0.0,0.0,0.0,8.71,-3.75
2016-02-10,TX,21.3,1.6,0.0,0.0,0.0,8.95,4.95
2016-02-11,TX,22.4,9.4,0.0,0.0,0.0,9.22,10.25
2016-02-12,TX,20.3,7.2,0.0,0.0,0.0,9.32,6.1
2016-02-13,TX,18.2,6.2,0.0,0.0,0.0,9.3,6.3
2016-02-14,TX,19.3,13.0,0.3,0.0,0.0,9.47,6.85
2016-02-15,TX,19.8,11.3,1.9,0.0,0.0,9.83,6.55
2016-02-16,TX,21.5,9.0,0.0,0.0,0.0,10.16,5.6
2016-02-17,TX,20.3,6.1,0.0,0.0,0.0,10.5,1.75
2016-02-18,TX,23.2,10.7,0.0,0.0,0.0,10.72,1.05
2016-02-19,TX,24.9,14.9,0.0,0.0,0.0,11.22,6.15
2016-02-20,TX,25.0,17.1,0.0,0.0,0.0,11.68,8.85
2016-02-21,TX,22.1,16.3,10.0,0.0,0.0,12.18,3.05
2016-02-22,TX,15.5,11.4,4.7,0.0,0.0,12.53,-2.1
2016-02-23,TX,12.7,4.6,48.0,0.0,0.0,12.5,-6.6
2016-02-24,TX,14.5,6.1,0.2,0.0,0.0,12.4,-2.9
2016-02-25,TX,13.4,6.0,0.0,0.0,0.0,12.5,-7.25
2016-02-26,TX,14.4,2.3,0.0,0.0,0.0,12.58,-11.55
2016-02-27,TX,20.6,6.2,0.0,0.0,0.0,12.69,-7.65
2016-02-28,TX,21.8,11.3,0.0,0.0,0.0,12.8,-2.65
2016-02-29,TX,22.7,9.8,0.0,0.0,0.0,12.82,2.8
2016-03-01,TX,20.6,11.4,0.0,0.0,0.0,12.79,7.35
2016-03-02,TX,19.8,7.2,0.0,0.0,0.0,12.79,3.2
2016-03-03,TX,21.5,12.2,0.0,0.0,0.0,12.91,7.15
2016-03-04,TX,20.8,9.1,0.0,0.0,0.0,13.19,6.6
2016-03-05,TX,23.7,8.2,0.0,0.0,0.0,13.53,2.55
2016-03-06,TX,22.1,12.7,0.0,0.0,0.0,13.86,0.85
2016-03-07,TX,22.9,16.6,0.6,0.0,0.0,14.32,3.5
2016-03-08,TX,21.2,16.5,17.6,0.0,0.0,14.64,2.85
2016-03-09,TX,18.2,14.9,16.2,0.0,0.0,14.89,3.05
2016-03-10,TX,18.4,13.9,7.3,0.0,0.0,15.1,-0.7
2016-03-11,TX,16.2,14.6,9.4,0.0,0.0,15.24,0.45
2016-03-12,TX,20.1,14.8,3.5,0.0,0.0,15.29,1.5
2016-03-13,TX,25.0,13.7,0.0,0.0,0.0,15.48,1.95
2016-03-14,TX,28.8,12.3,0.0,0.0,0.0,15.75,0.8
2016-03-15,TX,26.9,17.2,0.0,0.0,0.0,15.95,3.2
2016-03-16,TX,23.8,11.0,0.0,0.0,0.0,16.01,0.85
2016-03-17,TX,19.1,13.0,1.9,0.0,0.0,16.04,-0.1
2016-03-18,TX,20.3,12.3,3.1,0.0,0.0,16.14,0.9
2016-03-19,TX,14.5,6.2,0.0,0.0,0.0,15.92,-7.1
2016-03-20,TX,12.5,4.6,0.0,0.0,0.0,15.54,-10.8
2016-03-21,TX,17.4,2.9,0.0,0.0,0.0,15.18,-10.4
2016-03-22,TX,22.6,9.4,0.0,0.0,0.0,15.07,-6.05
2016-03-23,TX,26.0,16.2,0.1,0.0,0.0,15.33,3.7
2016-03-24,TX,18.9,8.4,8.3,0.0,0.0,15.5,-2.4
2016-03-25,TX,19.6,4.9,0.0,0.0,0.0,15.56,-4.05
2016-03-26,TX,22.9,9.6,0.0,0.0,0.0,15.78,5.9
2016-03-27,TX,17.3,11.0,0.0,0.0,0.0,15.97,5.6
2016-03-28,TX,20.2,5.7,0.0,0.0,0.0,15.96,2.8
2016-03-29,TX,21.0,12.1,0.0,0.0,0.0,15.96,0.55
2016-03-30,TX,23.9,18.4,15.0,0.0,0.0,16.12,0.05
2016-03-31,TX,22.9,15.0,0.0,0.0,0.0,16.22,5.3
2016-04-01,TX,17.1,11.3,2.0,0.0,0.0,16.24,1.95
2016-04-02,TX,19.2,8.0,0.0,0.0,0.0,16.13,-2.65
2016-04-03,TX,23.5,7.3,0.0,0.0,0.0,16.15,1.25
2016-04-04,TX,27.4,12.1,0.0,0.0,0.0,16.27,6.8
2016-04-05,TX,28.4,12.3,0.0,0.0,0.0,16.37,3.8
2016-04-06,TX,24.6,14.5,0.0,0.0,0.0,16.37,-1.6
2016-04-07,TX,29.4,12.6,0.0,0.0,0.0,16.44,2.05
2016-04-08,TX,23.4,14.3,0.0,0.0,0.0,16.52,4.65
2016-04-09,TX,22.0,12.1,2.3,0.0,0.0,16.55,3.45
2016-04-10,TX,23.8,16.1,0.1,0.0,0.0,16.7,4.55
2016-04-11,TX,29.6,18.0,5.9,0.0,0.0,16.91,4.05
2016-04-12,TX,20.1,15.5,0.9,0.0,0.0,16.86,-2.55
2016-04-13,TX,18.2,11.8,5.9,0.0,0.0,16.67,-4.55
2016-04-14,TX,22.0,12.5,1.0,0.0,0.0,16.51,-3.75
2016-04-15,TX,23.2,12.3,0.0,0.0,0.0,16.52,-1.1
2016-04-16,TX,25.0,17.0,1.6,0.0,0.0,16.69,3.95
2016-04-17,TX,21.2,18.5,24.4,0.0,0.0,16.81,-0.1
2016-04-18,TX,22.9,18.2,83.3,0.0,0.0,17.15,-3.25
2016-04-19,TX,23.8,16.5,0.0,0.0,0.0,17.53,2.35
2016-04-20,TX,22.5,16.1,8.3,0.0,0.0,17.84,4.3
2016-04-21,TX,24.3,14.1,2.7,0.0,0.0,17.94,1.95
2016-04-22,TX,25.7,12.6,0.0,0.0,0.0,17.88,1.4
2016-04-23,TX,26.1,12.9,0.0,0.0,0.0,18.08,-1.5
2016-04-24,TX,24.6,16.2,0.0,0.0,0.0,18.35,0.55
2016-04-25,TX,28.4,18.9,0.1,0.0,0.0,18.59,3.1
2016-04-26,TX,28.4,21.5,3.4,0.0,0.0,18.95,4.8
2016-04-27,TX,27.1,17.0,16.7,0.0,0.0,19.26,2.75
2016-04-28,TX,28.2,15.2,0.0,0.0,0.0,19.43,2.5
2016-04-29,TX,24.6,19.2,62.5,0.0,0.0,19.45,2.75
2016-04-30,TX,24.0,17.0,0.0,0.0,0.0,19.5,1.0
2016-05-01,TX,22.8,15.3,0.0,0.0,0.0,19.67,-1.35
2016-05-02,TX,18.5,13.0,1.2,0.0,0.0,19.74,-7.9
2016-05-03,TX,21.6,9.6,0.4,0.0,0.0,19.74,-9.35
2016-05-04,TX,26.1,12.5,0.0,0.0,0.0,19.73,-2.75
2016-05-05,TX,26.1,12.9,0.0,0.0,0.0,19.7,-2.2
2016-05-06,TX,27.3,13.3,0.0,0.0,0.0,19.73,-1.6
2016-05-07,TX,27.5,15.4,0.0,0.0,0.0,19.74,0.95
2016-05-08,TX,23.1,18.3,2.4,0.0,0.0,19.8,1.65
2016-05-09,TX,30.1,19.1,7.9,0.0,0.0,20.06,8.85
2016-05-10,TX,32.0,20.8,0.1,0.0,0.0,20.27,10.8
2016-05-11,TX,30.6,20.5,0.0,0.0,0.0,20.33,6.25
2016-05-12,TX,26.7,20.2,1.6,0.0,0.0,20.52,3.95
2016-05-13,TX,28.1,16.6,0.0,0.0,0.0,20.76,2.05
2016-05-14,TX,22.1,17.8,4.4,0.0,0.0,20.85,-1.5
2016-05-15,TX,23.5,15.2,0.0,0.0,0.0,20.91,-1.35
2016-05-16,TX,24.6,17.3,2.6,0.0,0.0,20.9,-3.65
2016-05-17,TX,26.1,18.6,0.9,0.0,0.0,20.99,-4.05
2016-05-18,TX,20.3,14.4,1.7,0.0,0.0,20.88,-8.2
2016-05-19,TX,19.2,15.6,7.8,0.0,0.0,20.79,-6.05
2016-05-20,TX,25.8,14.3,0.0,0.0,0.0,20.81,-2.3
2016-05-21,TX,28.6,15.8,0.0,0.0,0.0,20.91,2.25
2016-05-22,TX,27.7,20.8,2.9,0.0,0.0,21.08,4.9
2016-05-23,TX,27.2,21.0,0.1,0.0,0.0,21.24,3.15
2016-05-24,TX,28.9,21.9,0.4,0.0,0.0,21.4,3.05
2016-05-25,TX,30.1,23.9,3.0,0.0,0.0,21.52,9.65
2016-05-26,TX,28.3,23.5,4.1,0.0,0.0,21.55,8.5
2016-05-27,TX,27.0,21.5,2.1,0.0,0.0,21.62,4.2
2016-05-28,TX,29.9,19.9,0.0,0.0,0.0,21.73,2.7
2016-05-29,TX,30.7,21.6,5.3,0.0,0.0,21.87,1.9
2016-05-30,TX,27.7,21.3,10.1,0.0,0.0,22.0,0.4
2016-05-31,TX,29.3,21.4,15.0,0.0,0.0,22.21,-0.05
2016-06-01,TX,26.1,20.1,12.4,0.0,0.0,22.46,-3.9
2016-06-02,TX,23.8,20.2,38.0,0.0,0.0,22.67,-3.9
2016-06-03,TX,27.0,19.5,7.6,0.0,0.0,22.8,-1.0
2016-06-04,TX,27.6,19.6,2.1,0.0,0.0,22.94,-1.3
2016-06-05,TX,29.4,19.9,0.0,0.0,0.0,23.08,-1.5
2016-06-06,TX,29.4,18.1,0.0,0.0,0.0,23.16,-0.75
2016-06-07,TX,31.0,18.2,0.0,0.0,0.0,23.29,-0.75
2016-06-08,TX,31.7,19.7,0.0,0.0,0.0,23.33,2.6
2016-06-09,TX,30.9,20.6,0.1,0.0,0.0,23.31,3.75
2016-06-10,TX,31.4,22.4,0.0,0.0,0.0,23.35,3.65
2016-06-11,TX,31.4,23.2,1.3,0.0,0.0,23.48,3.7
2016-06-12,TX,30.8,24.5,8.8,0.0,0.0,23.65,3.0
2016-06-13,TX,30.9,23.4,8.1,0.0,0.0,23.9,3.4
2016-06-14,TX,31.2,24.7,0.4,0.0,0.0,24.18,3.35
2016-06-15,TX,32.6,24.8,0.0,0.0,0.0,24.44,3.0
2016-06-16,TX,34.0,24.5,0.0,0.0,0.0,24.67,3.5
2016-06-17,TX,34.3,24.5,0.0,0.0,0.0,25.07,2.5
2016-06-18,TX,34.1,25.1,0.2,0.0,0.0,25.48,2.3
2016-06-19,TX,33.3,25.3,0.0,0.0,0.0,25.79,1.65
